Wed Sep 09 05:34:10 +0000 2015,0
Wed Sep 09 05:34:10 +0000 2015,0.375
Wed Sep 09 05:34:11 +0000 2015,0.0625
Wed Sep 09 05:34:11 +0000 2015,-0.25
Wed Sep 09 05:34:13 +0000 2015,-0.09375
Wed Sep 09 05:34:15 +0000 2015,0
Wed Sep 09 05:34:19 +0000 2015,0
Wed Sep 09 05:34:19 +0000 2015,0.5
Wed Sep 09 05:34:20 +0000 2015,0.3125
Wed Sep 09 05:34:20 +0000 2015,0
Wed Sep 09 05:34:20 +0000 2015,-0.375
Wed Sep 09 05:34:20 +0000 2015,0.0833333333333
Wed Sep 09 05:34:21 +0000 2015,0
Wed Sep 09 05:34:23 +0000 2015,0
Wed Sep 09 05:34:28 +0000 2015,0
Wed Sep 09 05:34:30 +0000 2015,-0.375
Wed Sep 09 05:34:32 +0000 2015,0
Wed Sep 09 05:34:32 +0000 2015,0.375
Wed Sep 09 05:34:33 +0000 2015,0.625
Wed Sep 09 05:34:33 +0000 2015,0
Wed Sep 09 05:34:34 +0000 2015,-0.0833333333333
Wed Sep 09 05:34:40 +0000 2015,0.5
Wed Sep 09 05:34:41 +0000 2015,0.4375
Wed Sep 09 05:34:41 +0000 2015,-0.375
Wed Sep 09 05:34:44 +0000 2015,0.1875
Wed Sep 09 05:34:45 +0000 2015,0
Wed Sep 09 05:34:48 +0000 2015,0.5
Wed Sep 09 05:34:48 +0000 2015,-0.375
Wed Sep 09 05:35:02 +0000 2015,-0.375
Wed Sep 09 05:35:03 +0000 2015,-0.25
Wed Sep 09 05:35:04 +0000 2015,0.5
Wed Sep 09 05:35:04 +0000 2015,-0.375
Wed Sep 09 05:35:05 +0000 2015,-0.25
Wed Sep 09 05:35:06 +0000 2015,-0.0833333333333
Wed Sep 09 05:35:08 +0000 2015,-0.3125
Wed Sep 09 05:35:10 +0000 2015,0
Wed Sep 09 05:35:10 +0000 2015,0.5
Wed Sep 09 05:35:12 +0000 2015,-0.625
Wed Sep 09 05:35:14 +0000 2015,0
Wed Sep 09 05:35:15 +0000 2015,0.375
Wed Sep 09 05:35:21 +0000 2015,-0.375
Wed Sep 09 05:35:21 +0000 2015,0
Wed Sep 09 05:35:22 +0000 2015,0.375
Wed Sep 09 05:35:22 +0000 2015,0.375
Wed Sep 09 05:35:22 +0000 2015,0
Wed Sep 09 05:35:23 +0000 2015,-0.0625
Wed Sep 09 05:35:23 +0000 2015,0.0833333333333
Wed Sep 09 05:35:24 +0000 2015,0.5
Wed Sep 09 05:35:25 +0000 2015,-0.25
Wed Sep 09 05:35:28 +0000 2015,0.3125
Wed Sep 09 05:35:28 +0000 2015,0.3125
Wed Sep 09 05:35:29 +0000 2015,0.5
Wed Sep 09 05:35:30 +0000 2015,0.5
Wed Sep 09 05:35:32 +0000 2015,0
Wed Sep 09 05:35:32 +0000 2015,0.1875
Wed Sep 09 05:35:45 +0000 2015,0
Wed Sep 09 05:35:52 +0000 2015,0
Wed Sep 09 05:35:53 +0000 2015,-0.25
Wed Sep 09 05:35:55 +0000 2015,-0.375
Wed Sep 09 05:35:58 +0000 2015,0
Wed Sep 09 05:35:59 +0000 2015,0.375
Wed Sep 09 05:36:00 +0000 2015,0.25
Wed Sep 09 05:36:00 +0000 2015,0
Wed Sep 09 05:36:01 +0000 2015,-0.375
Wed Sep 09 05:36:02 +0000 2015,0.625
Wed Sep 09 05:36:03 +0000 2015,-0.0625
Wed Sep 09 05:36:07 +0000 2015,-0.375
Wed Sep 09 05:36:09 +0000 2015,-0.375
Wed Sep 09 05:36:11 +0000 2015,0.0625
Wed Sep 09 05:36:12 +0000 2015,-0.25
Wed Sep 09 05:36:24 +0000 2015,0
Wed Sep 09 05:36:31 +0000 2015,0.5
Wed Sep 09 05:36:31 +0000 2015,0.5
Wed Sep 09 05:36:32 +0000 2015,0.5
Wed Sep 09 05:36:37 +0000 2015,0.0
Wed Sep 09 05:36:43 +0000 2015,0
Wed Sep 09 05:36:47 +0000 2015,-0.375
Wed Sep 09 05:36:47 +0000 2015,0
Wed Sep 09 05:36:47 +0000 2015,0
Wed Sep 09 05:36:47 +0000 2015,0
Wed Sep 09 05:36:50 +0000 2015,0
Wed Sep 09 05:36:50 +0000 2015,0.375
Wed Sep 09 05:36:56 +0000 2015,0
Wed Sep 09 05:37:02 +0000 2015,-0.3125
Wed Sep 09 05:37:03 +0000 2015,-0.375
Wed Sep 09 05:37:04 +0000 2015,-0.375
Wed Sep 09 05:37:04 +0000 2015,-0.375
Wed Sep 09 05:37:07 +0000 2015,0
Wed Sep 09 05:37:07 +0000 2015,0.375
Wed Sep 09 05:37:10 +0000 2015,-0.3125
Wed Sep 09 05:37:11 +0000 2015,-0.375
Wed Sep 09 05:37:12 +0000 2015,0.125
Wed Sep 09 05:37:15 +0000 2015,0.25
Wed Sep 09 05:37:22 +0000 2015,-0.625
Wed Sep 09 05:37:22 +0000 2015,0.0
Wed Sep 09 05:37:23 +0000 2015,0.125
Wed Sep 09 05:37:23 +0000 2015,-0.375
Wed Sep 09 05:37:24 +0000 2015,-0.375
Wed Sep 09 05:37:26 +0000 2015,0.45
Wed Sep 09 05:37:29 +0000 2015,-0.0625
Wed Sep 09 05:37:34 +0000 2015,-0.375
Wed Sep 09 05:37:44 +0000 2015,-0.375
Wed Sep 09 05:37:45 +0000 2015,0.25
Wed Sep 09 05:37:46 +0000 2015,0
Wed Sep 09 05:37:46 +0000 2015,-0.625
Wed Sep 09 05:37:49 +0000 2015,0.166666666667
Wed Sep 09 05:37:50 +0000 2015,-0.375
Wed Sep 09 05:37:54 +0000 2015,0.125
Wed Sep 09 05:38:01 +0000 2015,-0.25
Wed Sep 09 05:38:02 +0000 2015,0.0416666666667
Wed Sep 09 05:38:03 +0000 2015,-0.25
Wed Sep 09 05:38:05 +0000 2015,0.375
Wed Sep 09 05:38:06 +0000 2015,0.375
Wed Sep 09 05:38:06 +0000 2015,0.375
Wed Sep 09 05:38:09 +0000 2015,0.125
Wed Sep 09 05:38:11 +0000 2015,-0.375
Wed Sep 09 05:38:12 +0000 2015,0.0625
Wed Sep 09 05:38:12 +0000 2015,-0.25
Wed Sep 09 05:38:22 +0000 2015,0.375
Wed Sep 09 05:38:25 +0000 2015,0.45
Wed Sep 09 05:38:32 +0000 2015,-0.625
Wed Sep 09 05:38:33 +0000 2015,-0.625
Wed Sep 09 05:38:37 +0000 2015,0
Wed Sep 09 05:38:44 +0000 2015,0.125
Wed Sep 09 05:38:44 +0000 2015,0
Wed Sep 09 05:38:44 +0000 2015,-0.0625
Wed Sep 09 05:38:46 +0000 2015,0.666666666667
Wed Sep 09 05:38:57 +0000 2015,0
Wed Sep 09 05:38:58 +0000 2015,0
Wed Sep 09 05:38:58 +0000 2015,0.375
Wed Sep 09 05:39:00 +0000 2015,-0.5
Wed Sep 09 05:39:00 +0000 2015,0
Wed Sep 09 05:39:03 +0000 2015,0.0
Wed Sep 09 05:39:03 +0000 2015,-0.375
Wed Sep 09 05:39:05 +0000 2015,-0.375
Wed Sep 09 05:39:07 +0000 2015,0
Wed Sep 09 05:39:08 +0000 2015,0.375
Wed Sep 09 05:39:16 +0000 2015,-0.0625
Wed Sep 09 05:39:19 +0000 2015,0
Wed Sep 09 05:39:21 +0000 2015,0
Wed Sep 09 05:39:22 +0000 2015,0
Wed Sep 09 05:39:44 +0000 2015,-0.375
Wed Sep 09 05:39:55 +0000 2015,-0.375
Wed Sep 09 05:39:56 +0000 2015,-0.375
Wed Sep 09 05:40:02 +0000 2015,0.25
Wed Sep 09 05:40:02 +0000 2015,0
Wed Sep 09 05:40:03 +0000 2015,0
Wed Sep 09 05:40:04 +0000 2015,-0.34375
Wed Sep 09 05:40:07 +0000 2015,0
Wed Sep 09 05:40:07 +0000 2015,0.5
Wed Sep 09 05:40:07 +0000 2015,0.3125
Wed Sep 09 05:40:08 +0000 2015,0
Wed Sep 09 05:40:08 +0000 2015,0
Wed Sep 09 05:40:09 +0000 2015,0
Wed Sep 09 05:40:11 +0000 2015,0
Wed Sep 09 05:40:11 +0000 2015,0
Wed Sep 09 05:40:13 +0000 2015,0.0625
Wed Sep 09 05:40:13 +0000 2015,0
Wed Sep 09 05:40:13 +0000 2015,-0.25
Wed Sep 09 05:40:13 +0000 2015,0.375
Wed Sep 09 05:40:14 +0000 2015,0.375
Wed Sep 09 05:40:14 +0000 2015,0.375
Wed Sep 09 05:40:15 +0000 2015,0.375
Wed Sep 09 05:40:15 +0000 2015,0
Wed Sep 09 05:40:15 +0000 2015,0.375
Wed Sep 09 05:40:15 +0000 2015,0.375
Wed Sep 09 05:40:16 +0000 2015,0.375
Wed Sep 09 05:40:16 +0000 2015,-0.0625
Wed Sep 09 05:40:16 +0000 2015,0.375
Wed Sep 09 05:40:16 +0000 2015,0.375
Wed Sep 09 05:40:17 +0000 2015,0.125
Wed Sep 09 05:40:17 +0000 2015,0
Wed Sep 09 05:40:18 +0000 2015,0
Wed Sep 09 05:40:18 +0000 2015,0.375
Wed Sep 09 05:40:19 +0000 2015,0.75
Wed Sep 09 05:40:20 +0000 2015,-0.375
Wed Sep 09 05:40:21 +0000 2015,0.125
Wed Sep 09 05:40:25 +0000 2015,0.125
Wed Sep 09 05:40:29 +0000 2015,0.125
Wed Sep 09 05:40:33 +0000 2015,0.125
Wed Sep 09 05:40:33 +0000 2015,0.25
Wed Sep 09 05:40:37 +0000 2015,0.125
Wed Sep 09 05:40:39 +0000 2015,0.0
Wed Sep 09 05:40:41 +0000 2015,0.5
Wed Sep 09 05:40:41 +0000 2015,0.125
Wed Sep 09 05:40:42 +0000 2015,0.375
Wed Sep 09 05:40:45 +0000 2015,0.125
Wed Sep 09 05:40:46 +0000 2015,-0.625
Wed Sep 09 05:40:46 +0000 2015,0.1875
Wed Sep 09 05:40:47 +0000 2015,0
Wed Sep 09 05:40:48 +0000 2015,0.375
Wed Sep 09 05:40:49 +0000 2015,-0.375
Wed Sep 09 05:40:49 +0000 2015,-0.375
Wed Sep 09 05:40:49 +0000 2015,0
Wed Sep 09 05:40:49 +0000 2015,0.125
Wed Sep 09 05:40:50 +0000 2015,0.375
Wed Sep 09 05:40:56 +0000 2015,-0.375
Wed Sep 09 05:41:02 +0000 2015,0
Wed Sep 09 05:41:02 +0000 2015,-0.375
Wed Sep 09 05:41:03 +0000 2015,0
Wed Sep 09 05:41:06 +0000 2015,0.25
Wed Sep 09 05:41:12 +0000 2015,-0.375
Wed Sep 09 05:41:13 +0000 2015,0
Wed Sep 09 05:41:15 +0000 2015,0.375
Wed Sep 09 05:41:20 +0000 2015,-0.3125
Wed Sep 09 05:41:21 +0000 2015,0
Wed Sep 09 05:41:25 +0000 2015,-0.375
Wed Sep 09 05:41:27 +0000 2015,-0.375
Wed Sep 09 05:41:33 +0000 2015,0
Wed Sep 09 05:41:35 +0000 2015,0.5
Wed Sep 09 05:41:35 +0000 2015,0
Wed Sep 09 05:41:35 +0000 2015,0.375
Wed Sep 09 05:41:35 +0000 2015,-0.25
Wed Sep 09 05:41:39 +0000 2015,0
Wed Sep 09 05:41:43 +0000 2015,0.375
Wed Sep 09 05:41:46 +0000 2015,-0.375
Wed Sep 09 05:41:50 +0000 2015,0
Wed Sep 09 05:41:52 +0000 2015,0
Wed Sep 09 05:41:52 +0000 2015,0.375
Wed Sep 09 05:41:57 +0000 2015,-0.25
Wed Sep 09 05:42:00 +0000 2015,-0.3125
Wed Sep 09 05:42:00 +0000 2015,0
Wed Sep 09 05:42:00 +0000 2015,0
Wed Sep 09 05:42:03 +0000 2015,0.375
Wed Sep 09 05:42:05 +0000 2015,0
Wed Sep 09 05:42:07 +0000 2015,-0.375
Wed Sep 09 05:42:10 +0000 2015,0
Wed Sep 09 05:42:10 +0000 2015,0
Wed Sep 09 05:42:11 +0000 2015,0.0625
Wed Sep 09 05:42:12 +0000 2015,-0.25
Wed Sep 09 05:42:13 +0000 2015,0.0
Wed Sep 09 05:42:21 +0000 2015,0
Wed Sep 09 05:42:22 +0000 2015,-0.25
Wed Sep 09 05:42:22 +0000 2015,0.625
Wed Sep 09 05:42:22 +0000 2015,0
Wed Sep 09 05:42:22 +0000 2015,0
Wed Sep 09 05:42:24 +0000 2015,-0.0416666666667
Wed Sep 09 05:42:27 +0000 2015,0.0
Wed Sep 09 05:42:30 +0000 2015,0.291666666667
Wed Sep 09 05:42:35 +0000 2015,0
Wed Sep 09 05:42:53 +0000 2015,0.5
Wed Sep 09 05:42:53 +0000 2015,0
Wed Sep 09 05:42:53 +0000 2015,-0.25
Wed Sep 09 05:42:59 +0000 2015,-0.25
Wed Sep 09 05:43:00 +0000 2015,0
Wed Sep 09 05:43:00 +0000 2015,0.375
Wed Sep 09 05:43:02 +0000 2015,-0.375
Wed Sep 09 05:43:05 +0000 2015,0.125
Wed Sep 09 05:43:05 +0000 2015,0.125
Wed Sep 09 05:43:06 +0000 2015,0
Wed Sep 09 05:43:18 +0000 2015,0.4375
Wed Sep 09 05:43:21 +0000 2015,0
Wed Sep 09 05:43:22 +0000 2015,-0.375
Wed Sep 09 05:43:24 +0000 2015,0.5
Wed Sep 09 05:43:24 +0000 2015,-0.375
Wed Sep 09 05:43:25 +0000 2015,-0.375
Wed Sep 09 05:43:31 +0000 2015,0.625
Wed Sep 09 05:43:36 +0000 2015,0
Wed Sep 09 05:43:39 +0000 2015,-0.375
Wed Sep 09 05:43:39 +0000 2015,0.125
Wed Sep 09 05:43:40 +0000 2015,0
Wed Sep 09 05:43:49 +0000 2015,0
Wed Sep 09 05:43:49 +0000 2015,0.375
Wed Sep 09 05:43:55 +0000 2015,0.375
Wed Sep 09 05:43:56 +0000 2015,0
Wed Sep 09 05:43:56 +0000 2015,0.375
Wed Sep 09 05:43:57 +0000 2015,0
Wed Sep 09 05:43:57 +0000 2015,0
Wed Sep 09 05:43:57 +0000 2015,0.375
Wed Sep 09 05:43:59 +0000 2015,0
Wed Sep 09 05:44:02 +0000 2015,0
Wed Sep 09 05:44:02 +0000 2015,-0.375
Wed Sep 09 05:44:02 +0000 2015,0
Wed Sep 09 05:44:04 +0000 2015,0
Wed Sep 09 05:44:04 +0000 2015,0.285714285714
Wed Sep 09 05:44:05 +0000 2015,-0.375
Wed Sep 09 05:44:13 +0000 2015,0.0625
Wed Sep 09 05:44:13 +0000 2015,-0.25
Wed Sep 09 05:44:14 +0000 2015,0
Wed Sep 09 05:44:24 +0000 2015,0
Wed Sep 09 05:44:38 +0000 2015,-0.375
Wed Sep 09 05:44:40 +0000 2015,-0.375
Wed Sep 09 05:44:45 +0000 2015,-0.375
Wed Sep 09 05:44:50 +0000 2015,0
Wed Sep 09 05:44:50 +0000 2015,0.375
Wed Sep 09 05:44:51 +0000 2015,0.166666666667
Wed Sep 09 05:44:53 +0000 2015,0
Wed Sep 09 05:44:54 +0000 2015,0
Wed Sep 09 05:44:55 +0000 2015,0.375
Wed Sep 09 05:44:56 +0000 2015,-0.3125
Wed Sep 09 05:44:57 +0000 2015,-0.375
Wed Sep 09 05:45:00 +0000 2015,0
Wed Sep 09 05:45:01 +0000 2015,0
Wed Sep 09 05:45:02 +0000 2015,0
Wed Sep 09 05:45:02 +0000 2015,0
Wed Sep 09 05:45:02 +0000 2015,0
Wed Sep 09 05:45:02 +0000 2015,0
Wed Sep 09 05:45:02 +0000 2015,0.0
Wed Sep 09 05:45:03 +0000 2015,-0.375
Wed Sep 09 05:45:04 +0000 2015,-0.4375
Wed Sep 09 05:45:04 +0000 2015,0
Wed Sep 09 05:45:05 +0000 2015,0
Wed Sep 09 05:45:11 +0000 2015,-0.375
Wed Sep 09 05:45:11 +0000 2015,0.25
Wed Sep 09 05:45:11 +0000 2015,0
Wed Sep 09 05:45:12 +0000 2015,0
Wed Sep 09 05:45:12 +0000 2015,0
Wed Sep 09 05:45:13 +0000 2015,-0.0625
Wed Sep 09 05:45:14 +0000 2015,0
Wed Sep 09 05:45:19 +0000 2015,0
Wed Sep 09 05:45:21 +0000 2015,-0.375
Wed Sep 09 05:45:23 +0000 2015,0.5
Wed Sep 09 05:45:24 +0000 2015,-0.25
Wed Sep 09 05:45:25 +0000 2015,0.375
Wed Sep 09 05:45:29 +0000 2015,-0.375
Wed Sep 09 05:45:30 +0000 2015,0
Wed Sep 09 05:45:31 +0000 2015,-0.375
Wed Sep 09 05:45:34 +0000 2015,0.25
Wed Sep 09 05:45:36 +0000 2015,-0.375
Wed Sep 09 05:45:37 +0000 2015,0.166666666667
Wed Sep 09 05:45:40 +0000 2015,0
Wed Sep 09 05:45:41 +0000 2015,0.0
Wed Sep 09 05:45:42 +0000 2015,0
Wed Sep 09 05:45:45 +0000 2015,0.375
Wed Sep 09 05:45:45 +0000 2015,0
Wed Sep 09 05:45:46 +0000 2015,0
Wed Sep 09 05:45:46 +0000 2015,0
Wed Sep 09 05:45:47 +0000 2015,-0.375
Wed Sep 09 05:45:48 +0000 2015,0
Wed Sep 09 05:45:53 +0000 2015,0
Wed Sep 09 05:45:53 +0000 2015,0.375
Wed Sep 09 05:45:53 +0000 2015,0
Wed Sep 09 05:45:54 +0000 2015,0
Wed Sep 09 05:45:55 +0000 2015,0
Wed Sep 09 05:45:57 +0000 2015,0
Wed Sep 09 05:45:57 +0000 2015,-0.375
Wed Sep 09 05:45:58 +0000 2015,0
Wed Sep 09 05:46:02 +0000 2015,-0.375
Wed Sep 09 05:46:03 +0000 2015,0.5
Wed Sep 09 05:46:05 +0000 2015,0.375
Wed Sep 09 05:46:05 +0000 2015,-0.375
Wed Sep 09 05:46:05 +0000 2015,0
Wed Sep 09 05:46:06 +0000 2015,0.25
Wed Sep 09 05:46:10 +0000 2015,0.5
Wed Sep 09 05:46:11 +0000 2015,0
Wed Sep 09 05:46:12 +0000 2015,-0.375
Wed Sep 09 05:46:13 +0000 2015,0.0625
Wed Sep 09 05:46:13 +0000 2015,-0.25
Wed Sep 09 05:46:17 +0000 2015,-0.375
Wed Sep 09 05:46:20 +0000 2015,0.0
Wed Sep 09 05:46:20 +0000 2015,0.166666666667
Wed Sep 09 05:46:27 +0000 2015,-0.375
Wed Sep 09 05:46:29 +0000 2015,0.3125
Wed Sep 09 05:46:29 +0000 2015,-0.25
Wed Sep 09 05:46:31 +0000 2015,0
Wed Sep 09 05:46:34 +0000 2015,0
Wed Sep 09 05:46:34 +0000 2015,0.125
Wed Sep 09 05:46:34 +0000 2015,0.375
Wed Sep 09 05:46:35 +0000 2015,-0.375
Wed Sep 09 05:46:56 +0000 2015,0.5
Wed Sep 09 05:46:58 +0000 2015,0.1875
Wed Sep 09 05:46:58 +0000 2015,-0.375
Wed Sep 09 05:47:00 +0000 2015,0.25
Wed Sep 09 05:47:01 +0000 2015,0
Wed Sep 09 05:47:02 +0000 2015,-0.375
Wed Sep 09 05:47:03 +0000 2015,0.125
Wed Sep 09 05:47:04 +0000 2015,-0.625
Wed Sep 09 05:47:06 +0000 2015,0.125
Wed Sep 09 05:47:09 +0000 2015,-0.375
Wed Sep 09 05:47:12 +0000 2015,0.1875
Wed Sep 09 05:47:12 +0000 2015,0.03125
Wed Sep 09 05:47:13 +0000 2015,0
Wed Sep 09 05:47:14 +0000 2015,0.0
Wed Sep 09 05:47:14 +0000 2015,-0.3125
Wed Sep 09 05:47:18 +0000 2015,0
Wed Sep 09 05:47:19 +0000 2015,0.125
Wed Sep 09 05:47:21 +0000 2015,0
Wed Sep 09 05:47:22 +0000 2015,0
Wed Sep 09 05:47:23 +0000 2015,0.25
Wed Sep 09 05:47:28 +0000 2015,0
Wed Sep 09 05:47:37 +0000 2015,-0.75
Wed Sep 09 05:47:38 +0000 2015,0.0515
Wed Sep 09 05:47:38 +0000 2015,0.0416666666667
Wed Sep 09 05:47:39 +0000 2015,0.0515
Wed Sep 09 05:47:40 +0000 2015,0
Wed Sep 09 05:47:40 +0000 2015,-0.75
Wed Sep 09 05:47:41 +0000 2015,-0.375
Wed Sep 09 05:47:41 +0000 2015,0
Wed Sep 09 05:47:42 +0000 2015,0
Wed Sep 09 05:47:43 +0000 2015,0
Wed Sep 09 05:47:43 +0000 2015,0
Wed Sep 09 05:47:46 +0000 2015,0
Wed Sep 09 05:47:52 +0000 2015,0.125
Wed Sep 09 05:47:56 +0000 2015,0
Wed Sep 09 05:47:59 +0000 2015,-0.25
Wed Sep 09 05:48:00 +0000 2015,0
Wed Sep 09 05:48:00 +0000 2015,0
Wed Sep 09 05:48:00 +0000 2015,-0.375
Wed Sep 09 05:48:01 +0000 2015,0
Wed Sep 09 05:48:03 +0000 2015,-0.0625
Wed Sep 09 05:48:06 +0000 2015,0
Wed Sep 09 05:48:06 +0000 2015,0.375
Wed Sep 09 05:48:06 +0000 2015,0.375
Wed Sep 09 05:48:12 +0000 2015,0.25
Wed Sep 09 05:48:13 +0000 2015,-0.375
Wed Sep 09 05:48:29 +0000 2015,-0.375
Wed Sep 09 05:48:30 +0000 2015,0.0416666666667
Wed Sep 09 05:48:30 +0000 2015,-0.375
Wed Sep 09 05:48:32 +0000 2015,0.125
Wed Sep 09 05:48:33 +0000 2015,0
Wed Sep 09 05:48:35 +0000 2015,-0.3125
Wed Sep 09 05:48:51 +0000 2015,0
Wed Sep 09 05:48:52 +0000 2015,0
Wed Sep 09 05:48:55 +0000 2015,-0.15625
Wed Sep 09 05:49:02 +0000 2015,0.75
Wed Sep 09 05:49:08 +0000 2015,0.375
Wed Sep 09 05:49:11 +0000 2015,0
Wed Sep 09 05:49:13 +0000 2015,0.3125
Wed Sep 09 05:49:14 +0000 2015,0.5
Wed Sep 09 05:49:31 +0000 2015,0
Wed Sep 09 05:49:32 +0000 2015,0.5
Wed Sep 09 05:49:32 +0000 2015,0.5
Wed Sep 09 05:49:34 +0000 2015,0.875
Wed Sep 09 05:49:34 +0000 2015,-0.375
Wed Sep 09 05:49:41 +0000 2015,-0.375
Wed Sep 09 05:49:42 +0000 2015,0
Wed Sep 09 05:49:54 +0000 2015,0.5
Wed Sep 09 05:49:55 +0000 2015,-0.375
Wed Sep 09 05:49:58 +0000 2015,0.3125
Wed Sep 09 05:49:59 +0000 2015,0.125
Wed Sep 09 05:50:01 +0000 2015,0
Wed Sep 09 05:50:01 +0000 2015,0
Wed Sep 09 05:50:02 +0000 2015,0
Wed Sep 09 05:50:03 +0000 2015,-0.0625
Wed Sep 09 05:50:03 +0000 2015,-0.3125
Wed Sep 09 05:50:08 +0000 2015,-0.375
Wed Sep 09 05:50:09 +0000 2015,0.3125
Wed Sep 09 05:50:09 +0000 2015,0.5
Wed Sep 09 05:50:10 +0000 2015,0
Wed Sep 09 05:50:11 +0000 2015,0.3125
Wed Sep 09 05:50:11 +0000 2015,0.5
Wed Sep 09 05:50:12 +0000 2015,0.3125
Wed Sep 09 05:50:12 +0000 2015,0.5
Wed Sep 09 05:50:14 +0000 2015,-0.0625
Wed Sep 09 05:50:18 +0000 2015,-0.25
Wed Sep 09 05:50:24 +0000 2015,0.875
Wed Sep 09 05:50:26 +0000 2015,0.5
Wed Sep 09 05:50:26 +0000 2015,0.4375
Wed Sep 09 05:50:32 +0000 2015,-0.375
Wed Sep 09 05:50:34 +0000 2015,0.3125
Wed Sep 09 05:50:36 +0000 2015,0.25
Wed Sep 09 05:50:39 +0000 2015,-0.375
Wed Sep 09 05:50:40 +0000 2015,0.3125
Wed Sep 09 05:50:45 +0000 2015,-0.375
Wed Sep 09 05:50:48 +0000 2015,0
Wed Sep 09 05:50:48 +0000 2015,0.4375
Wed Sep 09 05:50:51 +0000 2015,-0.375
Wed Sep 09 05:50:54 +0000 2015,0
Wed Sep 09 05:50:54 +0000 2015,-0.375
Wed Sep 09 05:50:56 +0000 2015,-0.25
Wed Sep 09 05:50:57 +0000 2015,0.375
Wed Sep 09 05:50:57 +0000 2015,0.5
Wed Sep 09 05:50:58 +0000 2015,-0.375
Wed Sep 09 05:51:01 +0000 2015,0.5
Wed Sep 09 05:51:03 +0000 2015,0.333333333333
Wed Sep 09 05:51:03 +0000 2015,0
Wed Sep 09 05:51:03 +0000 2015,0
Wed Sep 09 05:51:05 +0000 2015,0.5
Wed Sep 09 05:51:06 +0000 2015,0.625
Wed Sep 09 05:51:07 +0000 2015,0
Wed Sep 09 05:51:08 +0000 2015,0.125
Wed Sep 09 05:51:09 +0000 2015,0.5
Wed Sep 09 05:51:10 +0000 2015,0
Wed Sep 09 05:51:13 +0000 2015,0
Wed Sep 09 05:51:13 +0000 2015,0.5
Wed Sep 09 05:51:17 +0000 2015,0.5
Wed Sep 09 05:51:18 +0000 2015,0.25
Wed Sep 09 05:51:21 +0000 2015,0.5
Wed Sep 09 05:51:25 +0000 2015,0.5
Wed Sep 09 05:51:25 +0000 2015,0.375
Wed Sep 09 05:51:26 +0000 2015,0.75
Wed Sep 09 05:51:29 +0000 2015,0.5
Wed Sep 09 05:51:30 +0000 2015,-0.375
Wed Sep 09 05:51:34 +0000 2015,0
Wed Sep 09 05:51:38 +0000 2015,-0.375
Wed Sep 09 05:51:40 +0000 2015,0.5
Wed Sep 09 05:51:45 +0000 2015,0
Wed Sep 09 05:51:47 +0000 2015,0.5
Wed Sep 09 05:51:54 +0000 2015,-0.375
Wed Sep 09 05:51:57 +0000 2015,0
Wed Sep 09 05:52:02 +0000 2015,0.208333333333
Wed Sep 09 05:52:04 +0000 2015,0
Wed Sep 09 05:52:06 +0000 2015,-0.625
Wed Sep 09 05:52:09 +0000 2015,0
Wed Sep 09 05:52:10 +0000 2015,0.5
Wed Sep 09 05:52:12 +0000 2015,-0.25
Wed Sep 09 05:52:14 +0000 2015,0
Wed Sep 09 05:52:18 +0000 2015,0
Wed Sep 09 05:52:24 +0000 2015,-0.375
Wed Sep 09 05:52:24 +0000 2015,0
Wed Sep 09 05:52:26 +0000 2015,-0.625
Wed Sep 09 05:52:27 +0000 2015,0.375
Wed Sep 09 05:52:27 +0000 2015,-0.375
Wed Sep 09 05:52:28 +0000 2015,-0.375
Wed Sep 09 05:52:29 +0000 2015,-0.375
Wed Sep 09 05:52:29 +0000 2015,0.125
Wed Sep 09 05:52:30 +0000 2015,0
Wed Sep 09 05:52:30 +0000 2015,0.5
Wed Sep 09 05:52:31 +0000 2015,0
Wed Sep 09 05:52:32 +0000 2015,-0.25
Wed Sep 09 05:52:37 +0000 2015,0.4375
Wed Sep 09 05:52:38 +0000 2015,0
Wed Sep 09 05:52:46 +0000 2015,-0.25
Wed Sep 09 05:52:48 +0000 2015,0.125
Wed Sep 09 05:52:49 +0000 2015,0
Wed Sep 09 05:52:52 +0000 2015,0
Wed Sep 09 05:52:52 +0000 2015,-0.3125
Wed Sep 09 05:52:55 +0000 2015,0
Wed Sep 09 05:53:02 +0000 2015,0.0625
Wed Sep 09 05:53:03 +0000 2015,0
Wed Sep 09 05:53:05 +0000 2015,-0.625
Wed Sep 09 05:53:06 +0000 2015,0
Wed Sep 09 05:53:14 +0000 2015,0
Wed Sep 09 05:53:28 +0000 2015,0
Wed Sep 09 05:53:30 +0000 2015,0.5
Wed Sep 09 05:53:38 +0000 2015,0
Wed Sep 09 05:53:41 +0000 2015,0.4375
Wed Sep 09 05:53:50 +0000 2015,0
Wed Sep 09 05:53:53 +0000 2015,0
Wed Sep 09 05:54:01 +0000 2015,0
Wed Sep 09 05:54:02 +0000 2015,-0.375
Wed Sep 09 05:54:05 +0000 2015,0
Wed Sep 09 05:54:05 +0000 2015,0
Wed Sep 09 05:54:06 +0000 2015,0
Wed Sep 09 05:54:06 +0000 2015,0
Wed Sep 09 05:54:07 +0000 2015,-0.25
Wed Sep 09 05:54:22 +0000 2015,-0.375
Wed Sep 09 05:54:27 +0000 2015,0
Wed Sep 09 05:54:29 +0000 2015,0
Wed Sep 09 05:54:30 +0000 2015,-0.375
Wed Sep 09 05:54:32 +0000 2015,-0.375
Wed Sep 09 05:54:33 +0000 2015,0
Wed Sep 09 05:54:35 +0000 2015,-0.25
Wed Sep 09 05:54:45 +0000 2015,0.125
Wed Sep 09 05:54:46 +0000 2015,0
Wed Sep 09 05:54:49 +0000 2015,-0.375
Wed Sep 09 05:54:51 +0000 2015,0
Wed Sep 09 05:54:57 +0000 2015,0
Wed Sep 09 05:54:58 +0000 2015,-0.25
Wed Sep 09 05:54:59 +0000 2015,-0.25
Wed Sep 09 05:54:59 +0000 2015,0.5
Wed Sep 09 05:55:01 +0000 2015,0.375
Wed Sep 09 05:55:01 +0000 2015,0
Wed Sep 09 05:55:01 +0000 2015,0.375
Wed Sep 09 05:55:02 +0000 2015,0.375
Wed Sep 09 05:55:02 +0000 2015,0.375
Wed Sep 09 05:55:02 +0000 2015,0.375
Wed Sep 09 05:55:02 +0000 2015,0
Wed Sep 09 05:55:03 +0000 2015,0.375
Wed Sep 09 05:55:03 +0000 2015,0.375
Wed Sep 09 05:55:03 +0000 2015,0.375
Wed Sep 09 05:55:04 +0000 2015,-0.0416666666667
Wed Sep 09 05:55:04 +0000 2015,-0.375
Wed Sep 09 05:55:11 +0000 2015,0.5
Wed Sep 09 05:55:14 +0000 2015,0.125
Wed Sep 09 05:55:15 +0000 2015,-0.375
Wed Sep 09 05:55:16 +0000 2015,0
Wed Sep 09 05:55:19 +0000 2015,0.0416666666667
Wed Sep 09 05:55:19 +0000 2015,0.1875
Wed Sep 09 05:55:19 +0000 2015,0
Wed Sep 09 05:55:21 +0000 2015,0
Wed Sep 09 05:55:24 +0000 2015,0
Wed Sep 09 05:55:29 +0000 2015,0.375
Wed Sep 09 05:55:29 +0000 2015,-0.3125
Wed Sep 09 05:55:32 +0000 2015,0
Wed Sep 09 05:55:36 +0000 2015,0.333333333333
Wed Sep 09 05:55:37 +0000 2015,0.1875
Wed Sep 09 05:55:37 +0000 2015,-0.375
Wed Sep 09 05:55:44 +0000 2015,-0.375
Wed Sep 09 05:55:44 +0000 2015,-0.375
Wed Sep 09 05:55:45 +0000 2015,0.5
Wed Sep 09 05:55:48 +0000 2015,-0.25
Wed Sep 09 05:55:55 +0000 2015,0
Wed Sep 09 05:56:01 +0000 2015,0.0625
Wed Sep 09 05:56:02 +0000 2015,-0.0416666666667
Wed Sep 09 05:56:02 +0000 2015,0.0625
Wed Sep 09 05:56:02 +0000 2015,-0.3125
Wed Sep 09 05:56:02 +0000 2015,-0.3125
Wed Sep 09 05:56:04 +0000 2015,0
Wed Sep 09 05:56:07 +0000 2015,0.125
Wed Sep 09 05:56:15 +0000 2015,-0.375
Wed Sep 09 05:56:26 +0000 2015,-0.375
Wed Sep 09 05:56:34 +0000 2015,-0.375
Wed Sep 09 05:56:35 +0000 2015,0
Wed Sep 09 05:56:36 +0000 2015,-0.375
Wed Sep 09 05:56:37 +0000 2015,0
Wed Sep 09 05:56:39 +0000 2015,0
Wed Sep 09 05:56:40 +0000 2015,-0.375
Wed Sep 09 05:56:40 +0000 2015,-0.25
Wed Sep 09 05:56:40 +0000 2015,0.291666666667
Wed Sep 09 05:56:45 +0000 2015,0.166666666667
Wed Sep 09 05:56:48 +0000 2015,0.375
Wed Sep 09 05:56:59 +0000 2015,0.333333333333
Wed Sep 09 05:57:01 +0000 2015,-0.375
Wed Sep 09 05:57:03 +0000 2015,-0.375
Wed Sep 09 05:57:03 +0000 2015,0.25
Wed Sep 09 05:57:03 +0000 2015,-0.375
Wed Sep 09 05:57:06 +0000 2015,-0.625
Wed Sep 09 05:57:06 +0000 2015,-0.25
Wed Sep 09 05:57:07 +0000 2015,0
Wed Sep 09 05:57:07 +0000 2015,0
Wed Sep 09 05:57:08 +0000 2015,-0.625
Wed Sep 09 05:57:08 +0000 2015,-0.625
Wed Sep 09 05:57:12 +0000 2015,-0.375
Wed Sep 09 05:57:12 +0000 2015,0
Wed Sep 09 05:57:13 +0000 2015,-0.375
Wed Sep 09 05:57:16 +0000 2015,-0.4375
Wed Sep 09 05:57:17 +0000 2015,0
Wed Sep 09 05:57:18 +0000 2015,0.5
Wed Sep 09 05:57:19 +0000 2015,-0.3125
Wed Sep 09 05:57:19 +0000 2015,0
Wed Sep 09 05:57:19 +0000 2015,0
Wed Sep 09 05:57:20 +0000 2015,0
Wed Sep 09 05:57:20 +0000 2015,-0.3125
Wed Sep 09 05:57:24 +0000 2015,0.375
Wed Sep 09 05:57:32 +0000 2015,-0.375
Wed Sep 09 05:57:37 +0000 2015,0.40625
Wed Sep 09 05:57:39 +0000 2015,-0.375
Wed Sep 09 05:57:47 +0000 2015,0.25
Wed Sep 09 05:57:48 +0000 2015,0
Wed Sep 09 05:57:54 +0000 2015,-0.375
Wed Sep 09 05:57:56 +0000 2015,0.375
Wed Sep 09 05:57:59 +0000 2015,0.125
Wed Sep 09 05:57:59 +0000 2015,0
Wed Sep 09 05:58:00 +0000 2015,-0.375
Wed Sep 09 05:58:01 +0000 2015,0
Wed Sep 09 05:58:02 +0000 2015,-0.375
Wed Sep 09 05:58:05 +0000 2015,0
Wed Sep 09 05:58:06 +0000 2015,0.125
Wed Sep 09 05:58:12 +0000 2015,0.25
Wed Sep 09 05:58:15 +0000 2015,0.1
Wed Sep 09 05:58:23 +0000 2015,0.25
Wed Sep 09 05:58:26 +0000 2015,0
Wed Sep 09 05:58:30 +0000 2015,-0.375
Wed Sep 09 05:58:31 +0000 2015,0
Wed Sep 09 05:58:37 +0000 2015,-0.25
Wed Sep 09 05:58:38 +0000 2015,0
Wed Sep 09 05:58:38 +0000 2015,0
Wed Sep 09 05:58:38 +0000 2015,0
Wed Sep 09 05:58:38 +0000 2015,-0.625
Wed Sep 09 05:58:38 +0000 2015,0.375
Wed Sep 09 05:58:40 +0000 2015,0
Wed Sep 09 05:58:46 +0000 2015,0.125
Wed Sep 09 05:58:49 +0000 2015,0.125
Wed Sep 09 05:58:51 +0000 2015,-0.5
Wed Sep 09 05:58:53 +0000 2015,-0.375
Wed Sep 09 05:58:57 +0000 2015,-0.375
Wed Sep 09 05:59:04 +0000 2015,0
Wed Sep 09 05:59:18 +0000 2015,0.125
Wed Sep 09 05:59:30 +0000 2015,0
Wed Sep 09 05:59:33 +0000 2015,0
Wed Sep 09 05:59:32 +0000 2015,-0.15625
Wed Sep 09 05:59:33 +0000 2015,0.5
Wed Sep 09 05:59:39 +0000 2015,-0.375
Wed Sep 09 06:00:00 +0000 2015,0
Wed Sep 09 06:00:01 +0000 2015,-0.0833333333333
Wed Sep 09 06:00:01 +0000 2015,0.25
Wed Sep 09 06:00:01 +0000 2015,0.0625
Wed Sep 09 06:00:01 +0000 2015,0
Wed Sep 09 06:00:02 +0000 2015,0.0
Wed Sep 09 06:00:02 +0000 2015,-0.625
Wed Sep 09 06:00:02 +0000 2015,-0.25
Wed Sep 09 06:00:03 +0000 2015,0
Wed Sep 09 06:00:03 +0000 2015,0
Wed Sep 09 06:00:03 +0000 2015,0
Wed Sep 09 06:00:03 +0000 2015,0.5
Wed Sep 09 06:00:03 +0000 2015,-0.25
Wed Sep 09 06:00:03 +0000 2015,-0.4375
Wed Sep 09 06:00:04 +0000 2015,0
Wed Sep 09 06:00:04 +0000 2015,0.0
Wed Sep 09 06:00:04 +0000 2015,-0.0833333333333
Wed Sep 09 06:00:04 +0000 2015,-0.375
Wed Sep 09 06:00:04 +0000 2015,0.0
Wed Sep 09 06:00:04 +0000 2015,0
Wed Sep 09 06:00:05 +0000 2015,0
Wed Sep 09 06:00:05 +0000 2015,0
Wed Sep 09 06:00:05 +0000 2015,0
Wed Sep 09 06:00:06 +0000 2015,0
Wed Sep 09 06:00:06 +0000 2015,0
Wed Sep 09 06:00:06 +0000 2015,0
Wed Sep 09 06:00:07 +0000 2015,0
Wed Sep 09 06:00:08 +0000 2015,-0.25
Wed Sep 09 06:00:08 +0000 2015,0.0625
Wed Sep 09 06:00:08 +0000 2015,0
Wed Sep 09 06:00:09 +0000 2015,0.375
Wed Sep 09 06:00:10 +0000 2015,0.375
Wed Sep 09 06:00:10 +0000 2015,0
Wed Sep 09 06:00:13 +0000 2015,0
Wed Sep 09 06:00:13 +0000 2015,0.375
Wed Sep 09 06:00:18 +0000 2015,0
Wed Sep 09 06:00:18 +0000 2015,0.0625
Wed Sep 09 06:00:19 +0000 2015,-0.375
Wed Sep 09 06:00:21 +0000 2015,0
Wed Sep 09 06:00:22 +0000 2015,0.125
Wed Sep 09 06:00:24 +0000 2015,0
Wed Sep 09 06:00:24 +0000 2015,-0.625
Wed Sep 09 06:00:25 +0000 2015,-0.375
Wed Sep 09 06:00:29 +0000 2015,0
Wed Sep 09 06:00:30 +0000 2015,0.25
Wed Sep 09 06:00:30 +0000 2015,0.0
Wed Sep 09 06:00:31 +0000 2015,0.25
Wed Sep 09 06:00:31 +0000 2015,-0.375
Wed Sep 09 06:00:31 +0000 2015,-0.375
Wed Sep 09 06:00:32 +0000 2015,0.25
Wed Sep 09 06:00:33 +0000 2015,0.166666666667
Wed Sep 09 06:00:36 +0000 2015,0
Wed Sep 09 06:00:38 +0000 2015,0
Wed Sep 09 06:00:39 +0000 2015,-0.375
Wed Sep 09 06:00:41 +0000 2015,0
Wed Sep 09 06:00:50 +0000 2015,-0.375
Wed Sep 09 06:00:53 +0000 2015,0.5
Wed Sep 09 06:00:56 +0000 2015,0
Wed Sep 09 06:00:57 +0000 2015,0
Wed Sep 09 06:01:01 +0000 2015,-0.375
Wed Sep 09 06:01:03 +0000 2015,0
Wed Sep 09 06:01:03 +0000 2015,0.5
Wed Sep 09 06:01:05 +0000 2015,0.3125
Wed Sep 09 06:01:10 +0000 2015,0.125
Wed Sep 09 06:01:10 +0000 2015,0.125
Wed Sep 09 06:01:11 +0000 2015,0.5
Wed Sep 09 06:01:11 +0000 2015,-0.625
Wed Sep 09 06:01:12 +0000 2015,-0.375
Wed Sep 09 06:01:14 +0000 2015,-0.375
Wed Sep 09 06:01:14 +0000 2015,0.125
Wed Sep 09 06:01:14 +0000 2015,0.125
Wed Sep 09 06:01:15 +0000 2015,0.5
Wed Sep 09 06:01:15 +0000 2015,-0.625
Wed Sep 09 06:01:17 +0000 2015,0
Wed Sep 09 06:01:18 +0000 2015,0.125
Wed Sep 09 06:01:18 +0000 2015,0.125
Wed Sep 09 06:01:19 +0000 2015,-0.625
Wed Sep 09 06:01:19 +0000 2015,0.5
Wed Sep 09 06:01:20 +0000 2015,0
Wed Sep 09 06:01:21 +0000 2015,0
Wed Sep 09 06:01:22 +0000 2015,0.125
Wed Sep 09 06:01:22 +0000 2015,-0.208333333333
Wed Sep 09 06:01:22 +0000 2015,0.125
Wed Sep 09 06:01:23 +0000 2015,-0.625
Wed Sep 09 06:01:23 +0000 2015,0.5
Wed Sep 09 06:01:26 +0000 2015,0
Wed Sep 09 06:01:26 +0000 2015,0.125
Wed Sep 09 06:01:26 +0000 2015,0
Wed Sep 09 06:01:26 +0000 2015,0.125
Wed Sep 09 06:01:27 +0000 2015,-0.625
Wed Sep 09 06:01:28 +0000 2015,0.5
Wed Sep 09 06:01:29 +0000 2015,-0.25
Wed Sep 09 06:01:30 +0000 2015,-0.375
Wed Sep 09 06:01:30 +0000 2015,0.125
Wed Sep 09 06:01:30 +0000 2015,0.125
Wed Sep 09 06:01:31 +0000 2015,-0.625
Wed Sep 09 06:01:32 +0000 2015,0.5
Wed Sep 09 06:01:34 +0000 2015,0.125
Wed Sep 09 06:01:34 +0000 2015,0.125
Wed Sep 09 06:01:35 +0000 2015,-0.625
Wed Sep 09 06:01:35 +0000 2015,0.5
Wed Sep 09 06:01:38 +0000 2015,0.125
Wed Sep 09 06:01:38 +0000 2015,0.125
Wed Sep 09 06:01:39 +0000 2015,-0.625
Wed Sep 09 06:01:40 +0000 2015,0.5
Wed Sep 09 06:01:42 +0000 2015,0.125
Wed Sep 09 06:01:44 +0000 2015,-0.625
Wed Sep 09 06:01:44 +0000 2015,0.5
Wed Sep 09 06:01:44 +0000 2015,0.875
Wed Sep 09 06:01:45 +0000 2015,0.125
Wed Sep 09 06:01:46 +0000 2015,0.125
Wed Sep 09 06:01:48 +0000 2015,-0.625
Wed Sep 09 06:01:51 +0000 2015,0
Wed Sep 09 06:01:52 +0000 2015,-0.375
Wed Sep 09 06:01:53 +0000 2015,-0.0625
Wed Sep 09 06:02:00 +0000 2015,0
Wed Sep 09 06:02:00 +0000 2015,-0.375
Wed Sep 09 06:02:01 +0000 2015,-0.375
Wed Sep 09 06:02:02 +0000 2015,0.625
Wed Sep 09 06:02:06 +0000 2015,0.1875
Wed Sep 09 06:02:06 +0000 2015,-0.375
Wed Sep 09 06:02:06 +0000 2015,0
Wed Sep 09 06:02:07 +0000 2015,0
Wed Sep 09 06:02:08 +0000 2015,0.125
Wed Sep 09 06:02:09 +0000 2015,-0.75
Wed Sep 09 06:02:10 +0000 2015,0
Wed Sep 09 06:02:10 +0000 2015,0
Wed Sep 09 06:02:11 +0000 2015,0.625
Wed Sep 09 06:02:10 +0000 2015,0
Wed Sep 09 06:02:16 +0000 2015,0.25
Wed Sep 09 06:02:24 +0000 2015,0
Wed Sep 09 06:02:27 +0000 2015,-0.375
Wed Sep 09 06:02:33 +0000 2015,-0.375
Wed Sep 09 06:02:39 +0000 2015,0
Wed Sep 09 06:02:40 +0000 2015,0
Wed Sep 09 06:02:42 +0000 2015,0.625
Wed Sep 09 06:02:43 +0000 2015,0
Wed Sep 09 06:02:45 +0000 2015,0
Wed Sep 09 06:02:48 +0000 2015,0
Wed Sep 09 06:02:49 +0000 2015,-0.5
Wed Sep 09 06:02:53 +0000 2015,-0.25
Wed Sep 09 06:02:53 +0000 2015,0.3125
Wed Sep 09 06:02:54 +0000 2015,0.5
Wed Sep 09 06:03:01 +0000 2015,0
Wed Sep 09 06:03:02 +0000 2015,0
Wed Sep 09 06:03:03 +0000 2015,-0.333333333333
Wed Sep 09 06:03:03 +0000 2015,0
Wed Sep 09 06:03:07 +0000 2015,-0.25
Wed Sep 09 06:03:07 +0000 2015,-0.375
Wed Sep 09 06:03:08 +0000 2015,0.375
Wed Sep 09 06:03:12 +0000 2015,-0.375
Wed Sep 09 06:03:16 +0000 2015,0.0
Wed Sep 09 06:03:26 +0000 2015,-0.375
Wed Sep 09 06:03:27 +0000 2015,-0.375
Wed Sep 09 06:03:28 +0000 2015,0
Wed Sep 09 06:03:28 +0000 2015,-0.75
Wed Sep 09 06:03:31 +0000 2015,0
Wed Sep 09 06:03:32 +0000 2015,-0.375
Wed Sep 09 06:03:37 +0000 2015,0
Wed Sep 09 06:03:38 +0000 2015,0
Wed Sep 09 06:03:49 +0000 2015,-0.375
Wed Sep 09 06:03:52 +0000 2015,0.4375
Wed Sep 09 06:03:54 +0000 2015,-0.375
Wed Sep 09 06:03:59 +0000 2015,0.40625
Wed Sep 09 06:04:02 +0000 2015,-0.375
Wed Sep 09 06:04:06 +0000 2015,-0.375
Wed Sep 09 06:04:06 +0000 2015,-0.375
Wed Sep 09 06:04:12 +0000 2015,0
Wed Sep 09 06:04:13 +0000 2015,0
Wed Sep 09 06:04:13 +0000 2015,0
Wed Sep 09 06:04:15 +0000 2015,0.375
Wed Sep 09 06:04:15 +0000 2015,0.375
Wed Sep 09 06:04:16 +0000 2015,0
Wed Sep 09 06:04:16 +0000 2015,-0.375
Wed Sep 09 06:04:18 +0000 2015,0
Wed Sep 09 06:04:18 +0000 2015,0.375
Wed Sep 09 06:04:19 +0000 2015,0
Wed Sep 09 06:04:28 +0000 2015,0
Wed Sep 09 06:04:29 +0000 2015,0.125
Wed Sep 09 06:04:29 +0000 2015,0
Wed Sep 09 06:04:43 +0000 2015,0
Wed Sep 09 06:04:49 +0000 2015,-0.375
Wed Sep 09 06:04:50 +0000 2015,0.125
Wed Sep 09 06:04:50 +0000 2015,0
Wed Sep 09 06:04:50 +0000 2015,0
Wed Sep 09 06:04:56 +0000 2015,0
Wed Sep 09 06:04:57 +0000 2015,-0.25
Wed Sep 09 06:05:01 +0000 2015,-0.375
Wed Sep 09 06:05:02 +0000 2015,0
Wed Sep 09 06:05:03 +0000 2015,0
Wed Sep 09 06:05:03 +0000 2015,-0.25
Wed Sep 09 06:05:03 +0000 2015,-0.25
Wed Sep 09 06:05:04 +0000 2015,0.0625
Wed Sep 09 06:05:06 +0000 2015,0
Wed Sep 09 06:05:08 +0000 2015,0
Wed Sep 09 06:05:09 +0000 2015,0
Wed Sep 09 06:05:09 +0000 2015,0
Wed Sep 09 06:05:10 +0000 2015,0
Wed Sep 09 06:05:12 +0000 2015,0.375
Wed Sep 09 06:05:12 +0000 2015,0
Wed Sep 09 06:05:13 +0000 2015,-0.375
Wed Sep 09 06:05:13 +0000 2015,0.375
Wed Sep 09 06:05:14 +0000 2015,0
Wed Sep 09 06:05:15 +0000 2015,0
Wed Sep 09 06:05:17 +0000 2015,0
Wed Sep 09 06:05:18 +0000 2015,-0.333333333333
Wed Sep 09 06:05:19 +0000 2015,0
Wed Sep 09 06:05:20 +0000 2015,0.375
Wed Sep 09 06:05:24 +0000 2015,-0.375
Wed Sep 09 06:05:26 +0000 2015,-0.375
Wed Sep 09 06:05:33 +0000 2015,0
Wed Sep 09 06:05:35 +0000 2015,-0.0625
Wed Sep 09 06:05:36 +0000 2015,0
Wed Sep 09 06:05:36 +0000 2015,0
Wed Sep 09 06:05:37 +0000 2015,0
Wed Sep 09 06:05:37 +0000 2015,0
Wed Sep 09 06:05:37 +0000 2015,0
Wed Sep 09 06:05:38 +0000 2015,0
Wed Sep 09 06:05:38 +0000 2015,0
Wed Sep 09 06:05:39 +0000 2015,0
Wed Sep 09 06:05:41 +0000 2015,0
Wed Sep 09 06:05:42 +0000 2015,0
Wed Sep 09 06:05:42 +0000 2015,0
Wed Sep 09 06:05:43 +0000 2015,0
Wed Sep 09 06:05:44 +0000 2015,0.208333333333
Wed Sep 09 06:05:58 +0000 2015,0.375
Wed Sep 09 06:05:58 +0000 2015,-0.375
Wed Sep 09 06:05:58 +0000 2015,0.5
Wed Sep 09 06:05:59 +0000 2015,0
Wed Sep 09 06:06:00 +0000 2015,0
Wed Sep 09 06:06:01 +0000 2015,0
Wed Sep 09 06:06:02 +0000 2015,-0.15625
Wed Sep 09 06:06:03 +0000 2015,0.0625
Wed Sep 09 06:06:05 +0000 2015,0
Wed Sep 09 06:06:20 +0000 2015,0
Wed Sep 09 06:06:21 +0000 2015,0
Wed Sep 09 06:06:21 +0000 2015,0
Wed Sep 09 06:06:21 +0000 2015,0
Wed Sep 09 06:06:21 +0000 2015,0
Wed Sep 09 06:06:22 +0000 2015,0
Wed Sep 09 06:06:22 +0000 2015,0.0
Wed Sep 09 06:06:22 +0000 2015,0
Wed Sep 09 06:06:30 +0000 2015,-0.375
Wed Sep 09 06:06:33 +0000 2015,0
Wed Sep 09 06:06:37 +0000 2015,-0.0416666666667
Wed Sep 09 06:06:44 +0000 2015,0.375
Wed Sep 09 06:06:45 +0000 2015,0
Wed Sep 09 06:06:49 +0000 2015,0.375
Wed Sep 09 06:06:50 +0000 2015,0
Wed Sep 09 06:06:52 +0000 2015,-0.375
Wed Sep 09 06:06:55 +0000 2015,-0.25
Wed Sep 09 06:06:58 +0000 2015,0
Wed Sep 09 06:07:03 +0000 2015,0.1875
Wed Sep 09 06:07:06 +0000 2015,0
Wed Sep 09 06:07:07 +0000 2015,0.5
Wed Sep 09 06:07:16 +0000 2015,0
Wed Sep 09 06:07:16 +0000 2015,0
Wed Sep 09 06:07:16 +0000 2015,0
Wed Sep 09 06:07:26 +0000 2015,0.5
Wed Sep 09 06:07:28 +0000 2015,0.166666666667
Wed Sep 09 06:07:28 +0000 2015,0
Wed Sep 09 06:07:29 +0000 2015,-0.375
Wed Sep 09 06:07:35 +0000 2015,-0.25
Wed Sep 09 06:07:44 +0000 2015,-0.1
Wed Sep 09 06:07:55 +0000 2015,0.375
Wed Sep 09 06:07:57 +0000 2015,0
Wed Sep 09 06:07:59 +0000 2015,-0.375
Wed Sep 09 06:08:02 +0000 2015,0.1875
Wed Sep 09 06:08:16 +0000 2015,-0.375
Wed Sep 09 06:08:20 +0000 2015,0.3125
Wed Sep 09 06:08:25 +0000 2015,0
Wed Sep 09 06:08:32 +0000 2015,0
Wed Sep 09 06:08:37 +0000 2015,0
Wed Sep 09 06:08:40 +0000 2015,-0.375
Wed Sep 09 06:08:42 +0000 2015,0
Wed Sep 09 06:08:42 +0000 2015,0
Wed Sep 09 06:08:42 +0000 2015,0.375
Wed Sep 09 06:08:44 +0000 2015,-0.375
Wed Sep 09 06:08:44 +0000 2015,0.0
Wed Sep 09 06:08:45 +0000 2015,-0.375
Wed Sep 09 06:08:50 +0000 2015,0.375
Wed Sep 09 06:08:51 +0000 2015,0
Wed Sep 09 06:08:56 +0000 2015,-0.375
Wed Sep 09 06:08:57 +0000 2015,0.125
Wed Sep 09 06:08:58 +0000 2015,0
Wed Sep 09 06:08:59 +0000 2015,0.375
Wed Sep 09 06:09:00 +0000 2015,0
Wed Sep 09 06:09:01 +0000 2015,0.166666666667
Wed Sep 09 06:09:01 +0000 2015,0.875
Wed Sep 09 06:09:03 +0000 2015,0.0416666666667
Wed Sep 09 06:09:09 +0000 2015,0
Wed Sep 09 06:09:13 +0000 2015,0.875
Wed Sep 09 06:09:20 +0000 2015,0.0625
Wed Sep 09 06:09:22 +0000 2015,-0.25
Wed Sep 09 06:09:22 +0000 2015,0.3125
Wed Sep 09 06:09:23 +0000 2015,0.5
Wed Sep 09 06:09:24 +0000 2015,-0.375
Wed Sep 09 06:09:26 +0000 2015,0.3125
Wed Sep 09 06:09:31 +0000 2015,0
Wed Sep 09 06:09:32 +0000 2015,0
Wed Sep 09 06:09:33 +0000 2015,0.1875
Wed Sep 09 06:09:33 +0000 2015,0.0
Wed Sep 09 06:09:33 +0000 2015,0
Wed Sep 09 06:09:34 +0000 2015,0
Wed Sep 09 06:09:36 +0000 2015,-0.5
Wed Sep 09 06:09:37 +0000 2015,0.25
Wed Sep 09 06:09:41 +0000 2015,0.3125
Wed Sep 09 06:09:44 +0000 2015,0
Wed Sep 09 06:09:46 +0000 2015,0.375
Wed Sep 09 06:09:46 +0000 2015,0.375
Wed Sep 09 06:09:46 +0000 2015,0.375
Wed Sep 09 06:09:47 +0000 2015,0.375
Wed Sep 09 06:09:47 +0000 2015,0.375
Wed Sep 09 06:09:47 +0000 2015,0.375
Wed Sep 09 06:09:48 +0000 2015,0.375
Wed Sep 09 06:09:48 +0000 2015,0.375
Wed Sep 09 06:09:49 +0000 2015,0.208333333333
Wed Sep 09 06:09:51 +0000 2015,0.375
Wed Sep 09 06:09:51 +0000 2015,0.375
Wed Sep 09 06:09:52 +0000 2015,0
Wed Sep 09 06:09:53 +0000 2015,-0.375
Wed Sep 09 06:09:56 +0000 2015,0.375
Wed Sep 09 06:09:57 +0000 2015,0
Wed Sep 09 06:09:57 +0000 2015,0.375
Wed Sep 09 06:09:58 +0000 2015,-0.375
Wed Sep 09 06:09:59 +0000 2015,-0.375
Wed Sep 09 06:10:01 +0000 2015,0.625
Wed Sep 09 06:10:02 +0000 2015,0
Wed Sep 09 06:10:02 +0000 2015,0
Wed Sep 09 06:10:02 +0000 2015,0
Wed Sep 09 06:10:02 +0000 2015,-0.5
Wed Sep 09 06:10:04 +0000 2015,-0.25
Wed Sep 09 06:10:05 +0000 2015,0.125
Wed Sep 09 06:10:05 +0000 2015,-0.375
Wed Sep 09 06:10:13 +0000 2015,-0.375
Wed Sep 09 06:10:13 +0000 2015,-0.375
Wed Sep 09 06:10:15 +0000 2015,0.125
Wed Sep 09 06:10:17 +0000 2015,-0.75
Wed Sep 09 06:10:23 +0000 2015,-0.15625
Wed Sep 09 06:10:28 +0000 2015,0
Wed Sep 09 06:10:29 +0000 2015,-0.375
Wed Sep 09 06:10:35 +0000 2015,0
Wed Sep 09 06:10:37 +0000 2015,0
Wed Sep 09 06:10:41 +0000 2015,-0.375
Wed Sep 09 06:10:42 +0000 2015,-0.25
Wed Sep 09 06:10:42 +0000 2015,0.3125
Wed Sep 09 06:10:44 +0000 2015,0.5
Wed Sep 09 06:10:44 +0000 2015,0
Wed Sep 09 06:10:51 +0000 2015,0.375
Wed Sep 09 06:10:52 +0000 2015,0
Wed Sep 09 06:10:52 +0000 2015,0
Wed Sep 09 06:10:54 +0000 2015,0
Wed Sep 09 06:10:54 +0000 2015,0
Wed Sep 09 06:10:55 +0000 2015,0
Wed Sep 09 06:10:56 +0000 2015,0.375
Wed Sep 09 06:10:57 +0000 2015,-0.375
Wed Sep 09 06:11:02 +0000 2015,0
Wed Sep 09 06:11:03 +0000 2015,0.0
Wed Sep 09 06:11:05 +0000 2015,-0.375
Wed Sep 09 06:11:10 +0000 2015,-0.375
Wed Sep 09 06:11:10 +0000 2015,0
Wed Sep 09 06:11:10 +0000 2015,0
Wed Sep 09 06:11:11 +0000 2015,-0.375
Wed Sep 09 06:11:30 +0000 2015,-0.375
Wed Sep 09 06:11:33 +0000 2015,-0.375
Wed Sep 09 06:11:35 +0000 2015,0
Wed Sep 09 06:11:38 +0000 2015,-0.375
Wed Sep 09 06:11:38 +0000 2015,0
Wed Sep 09 06:11:40 +0000 2015,0.5
Wed Sep 09 06:11:40 +0000 2015,0
Wed Sep 09 06:11:40 +0000 2015,0
Wed Sep 09 06:11:40 +0000 2015,0.375
Wed Sep 09 06:11:40 +0000 2015,0.3125
Wed Sep 09 06:11:41 +0000 2015,-0.375
Wed Sep 09 06:11:41 +0000 2015,0
Wed Sep 09 06:11:41 +0000 2015,0.0
Wed Sep 09 06:11:44 +0000 2015,0.375
Wed Sep 09 06:11:45 +0000 2015,0
Wed Sep 09 06:11:50 +0000 2015,0.25
Wed Sep 09 06:11:51 +0000 2015,0.625
Wed Sep 09 06:11:51 +0000 2015,0.09375
Wed Sep 09 06:11:51 +0000 2015,0
Wed Sep 09 06:11:51 +0000 2015,0
Wed Sep 09 06:11:51 +0000 2015,0.5625
Wed Sep 09 06:11:52 +0000 2015,0
Wed Sep 09 06:11:55 +0000 2015,0.5
Wed Sep 09 06:11:56 +0000 2015,0.5
Wed Sep 09 06:11:56 +0000 2015,0.5
Wed Sep 09 06:12:00 +0000 2015,0
Wed Sep 09 06:12:01 +0000 2015,0
Wed Sep 09 06:12:01 +0000 2015,-0.625
Wed Sep 09 06:12:03 +0000 2015,0.25
Wed Sep 09 06:12:03 +0000 2015,-0.375
Wed Sep 09 06:12:05 +0000 2015,0.375
Wed Sep 09 06:12:07 +0000 2015,0
Wed Sep 09 06:12:12 +0000 2015,-0.25
Wed Sep 09 06:12:15 +0000 2015,-0.375
Wed Sep 09 06:12:17 +0000 2015,-0.375
Wed Sep 09 06:12:23 +0000 2015,-0.625
Wed Sep 09 06:12:24 +0000 2015,0
Wed Sep 09 06:12:26 +0000 2015,0.1875
Wed Sep 09 06:12:28 +0000 2015,0.0
Wed Sep 09 06:12:28 +0000 2015,-0.625
Wed Sep 09 06:12:29 +0000 2015,-0.25
Wed Sep 09 06:12:32 +0000 2015,-0.625
Wed Sep 09 06:12:34 +0000 2015,0.208333333333
Wed Sep 09 06:12:34 +0000 2015,0
Wed Sep 09 06:12:34 +0000 2015,0
Wed Sep 09 06:12:35 +0000 2015,0.5
Wed Sep 09 06:12:35 +0000 2015,0
Wed Sep 09 06:12:35 +0000 2015,0.0625
Wed Sep 09 06:12:35 +0000 2015,-0.5
Wed Sep 09 06:12:35 +0000 2015,0
Wed Sep 09 06:12:36 +0000 2015,0.0625
Wed Sep 09 06:12:36 +0000 2015,-0.375
Wed Sep 09 06:12:36 +0000 2015,-0.625
Wed Sep 09 06:12:39 +0000 2015,0.375
Wed Sep 09 06:12:40 +0000 2015,0
Wed Sep 09 06:12:40 +0000 2015,-0.625
Wed Sep 09 06:12:41 +0000 2015,-0.375
Wed Sep 09 06:12:42 +0000 2015,-0.375
Wed Sep 09 06:12:44 +0000 2015,-0.625
Wed Sep 09 06:12:48 +0000 2015,-0.625
Wed Sep 09 06:12:52 +0000 2015,-0.625
Wed Sep 09 06:12:53 +0000 2015,0.5
Wed Sep 09 06:12:55 +0000 2015,-0.25
Wed Sep 09 06:12:57 +0000 2015,-0.625
Wed Sep 09 06:13:00 +0000 2015,0.3125
Wed Sep 09 06:13:01 +0000 2015,0.3125
Wed Sep 09 06:13:02 +0000 2015,-0.0625
Wed Sep 09 06:13:04 +0000 2015,0
Wed Sep 09 06:13:05 +0000 2015,0
Wed Sep 09 06:13:07 +0000 2015,0.25
Wed Sep 09 06:13:08 +0000 2015,0.25
Wed Sep 09 06:13:09 +0000 2015,0.3125
Wed Sep 09 06:13:09 +0000 2015,0.0625
Wed Sep 09 06:13:11 +0000 2015,-0.375
Wed Sep 09 06:13:21 +0000 2015,0
Wed Sep 09 06:13:21 +0000 2015,-0.375
Wed Sep 09 06:13:22 +0000 2015,-0.375
Wed Sep 09 06:13:23 +0000 2015,0
Wed Sep 09 06:13:26 +0000 2015,0
Wed Sep 09 06:13:27 +0000 2015,-0.25
Wed Sep 09 06:13:30 +0000 2015,0
Wed Sep 09 06:13:32 +0000 2015,-0.0833333333333
Wed Sep 09 06:13:34 +0000 2015,0.45
Wed Sep 09 06:13:34 +0000 2015,0.45
Wed Sep 09 06:13:35 +0000 2015,0.0416666666667
Wed Sep 09 06:13:39 +0000 2015,-0.375
Wed Sep 09 06:13:41 +0000 2015,0.375
Wed Sep 09 06:13:42 +0000 2015,0
Wed Sep 09 06:13:43 +0000 2015,0.166666666667
Wed Sep 09 06:13:46 +0000 2015,0.0
Wed Sep 09 06:13:47 +0000 2015,0
Wed Sep 09 06:13:53 +0000 2015,0.375
Wed Sep 09 06:13:53 +0000 2015,0
Wed Sep 09 06:13:59 +0000 2015,0.4375
Wed Sep 09 06:14:02 +0000 2015,0
Wed Sep 09 06:14:10 +0000 2015,-0.0833333333333
Wed Sep 09 06:14:15 +0000 2015,0.375
Wed Sep 09 06:14:16 +0000 2015,0
Wed Sep 09 06:14:20 +0000 2015,0
Wed Sep 09 06:14:23 +0000 2015,0
Wed Sep 09 06:14:27 +0000 2015,-0.375
Wed Sep 09 06:14:32 +0000 2015,0
Wed Sep 09 06:14:38 +0000 2015,-0.0625
Wed Sep 09 06:14:39 +0000 2015,-0.375
Wed Sep 09 06:14:44 +0000 2015,0.375
Wed Sep 09 06:14:45 +0000 2015,0
Wed Sep 09 06:14:45 +0000 2015,-0.375
Wed Sep 09 06:14:45 +0000 2015,0
Wed Sep 09 06:14:55 +0000 2015,-0.375
Wed Sep 09 06:15:01 +0000 2015,0
Wed Sep 09 06:15:02 +0000 2015,0
Wed Sep 09 06:15:02 +0000 2015,0
Wed Sep 09 06:15:03 +0000 2015,0.25
Wed Sep 09 06:15:03 +0000 2015,-0.4375
Wed Sep 09 06:15:03 +0000 2015,0
Wed Sep 09 06:15:04 +0000 2015,0.25
Wed Sep 09 06:15:04 +0000 2015,0
Wed Sep 09 06:15:05 +0000 2015,0.208333333333
Wed Sep 09 06:15:08 +0000 2015,0
Wed Sep 09 06:15:11 +0000 2015,0.25
Wed Sep 09 06:15:12 +0000 2015,-0.25
Wed Sep 09 06:15:18 +0000 2015,0.375
Wed Sep 09 06:15:20 +0000 2015,0
Wed Sep 09 06:15:20 +0000 2015,0
Wed Sep 09 06:15:22 +0000 2015,0.166666666667
Wed Sep 09 06:15:23 +0000 2015,-0.25
Wed Sep 09 06:15:32 +0000 2015,0
Wed Sep 09 06:15:34 +0000 2015,0.375
Wed Sep 09 06:15:34 +0000 2015,-0.375
Wed Sep 09 06:15:34 +0000 2015,0
Wed Sep 09 06:15:35 +0000 2015,-0.333333333333
Wed Sep 09 06:15:38 +0000 2015,0
Wed Sep 09 06:15:43 +0000 2015,0
Wed Sep 09 06:15:43 +0000 2015,-0.1875
Wed Sep 09 06:15:47 +0000 2015,-0.75
Wed Sep 09 06:15:48 +0000 2015,0
Wed Sep 09 06:15:57 +0000 2015,-0.375
Wed Sep 09 06:16:00 +0000 2015,0.3125
Wed Sep 09 06:16:03 +0000 2015,-0.375
Wed Sep 09 06:16:03 +0000 2015,0
Wed Sep 09 06:16:11 +0000 2015,0.208333333333
Wed Sep 09 06:16:14 +0000 2015,-0.3125
Wed Sep 09 06:16:15 +0000 2015,0.0833333333333
Wed Sep 09 06:16:15 +0000 2015,0.0625
Wed Sep 09 06:16:17 +0000 2015,0.625
Wed Sep 09 06:16:22 +0000 2015,0.375
Wed Sep 09 06:16:23 +0000 2015,0
Wed Sep 09 06:16:23 +0000 2015,-0.375
Wed Sep 09 06:16:26 +0000 2015,0
Wed Sep 09 06:16:29 +0000 2015,0
Wed Sep 09 06:16:29 +0000 2015,0.208333333333
Wed Sep 09 06:16:31 +0000 2015,0
Wed Sep 09 06:16:33 +0000 2015,0
Wed Sep 09 06:16:35 +0000 2015,0
Wed Sep 09 06:16:37 +0000 2015,-0.375
Wed Sep 09 06:16:38 +0000 2015,0
Wed Sep 09 06:16:38 +0000 2015,-0.5
Wed Sep 09 06:16:40 +0000 2015,0
Wed Sep 09 06:16:40 +0000 2015,0.375
Wed Sep 09 06:16:41 +0000 2015,-0.375
Wed Sep 09 06:16:42 +0000 2015,0
Wed Sep 09 06:16:42 +0000 2015,0
Wed Sep 09 06:16:42 +0000 2015,0.875
Wed Sep 09 06:16:44 +0000 2015,0
Wed Sep 09 06:16:46 +0000 2015,0
Wed Sep 09 06:16:48 +0000 2015,0
Wed Sep 09 06:16:48 +0000 2015,0
Wed Sep 09 06:16:49 +0000 2015,0.375
Wed Sep 09 06:16:49 +0000 2015,0
Wed Sep 09 06:16:51 +0000 2015,0
Wed Sep 09 06:16:51 +0000 2015,0
Wed Sep 09 06:16:53 +0000 2015,0
Wed Sep 09 06:16:53 +0000 2015,0
Wed Sep 09 06:16:54 +0000 2015,0
Wed Sep 09 06:16:55 +0000 2015,-0.375
Wed Sep 09 06:16:56 +0000 2015,0
Wed Sep 09 06:16:58 +0000 2015,0
Wed Sep 09 06:17:02 +0000 2015,-0.15625
Wed Sep 09 06:17:02 +0000 2015,-0.1875
Wed Sep 09 06:17:04 +0000 2015,0.5
Wed Sep 09 06:17:05 +0000 2015,-0.25
Wed Sep 09 06:17:07 +0000 2015,-0.25
Wed Sep 09 06:17:08 +0000 2015,0
Wed Sep 09 06:17:12 +0000 2015,-0.175
Wed Sep 09 06:17:13 +0000 2015,-0.375
Wed Sep 09 06:17:22 +0000 2015,0.5
Wed Sep 09 06:17:30 +0000 2015,0.375
Wed Sep 09 06:17:32 +0000 2015,0.208333333333
Wed Sep 09 06:17:32 +0000 2015,-0.25
Wed Sep 09 06:17:33 +0000 2015,0.375
Wed Sep 09 06:17:36 +0000 2015,0.0
Wed Sep 09 06:17:40 +0000 2015,0.1875
Wed Sep 09 06:17:43 +0000 2015,0.4375
Wed Sep 09 06:17:48 +0000 2015,0
Wed Sep 09 06:17:49 +0000 2015,0.5
Wed Sep 09 06:17:50 +0000 2015,-0.375
Wed Sep 09 06:17:53 +0000 2015,-0.75
Wed Sep 09 06:17:54 +0000 2015,-0.375
Wed Sep 09 06:17:54 +0000 2015,0
Wed Sep 09 06:17:55 +0000 2015,0
Wed Sep 09 06:17:55 +0000 2015,0
Wed Sep 09 06:17:55 +0000 2015,0
Wed Sep 09 06:17:55 +0000 2015,-0.625
Wed Sep 09 06:18:00 +0000 2015,0.375
Wed Sep 09 06:18:00 +0000 2015,0
Wed Sep 09 06:18:01 +0000 2015,-0.375
Wed Sep 09 06:18:03 +0000 2015,0.125
Wed Sep 09 06:18:03 +0000 2015,0.0416666666667
Wed Sep 09 06:18:04 +0000 2015,0.375
Wed Sep 09 06:18:04 +0000 2015,0
Wed Sep 09 06:18:04 +0000 2015,0.0515
Wed Sep 09 06:18:05 +0000 2015,0.375
Wed Sep 09 06:18:05 +0000 2015,-0.75
Wed Sep 09 06:18:06 +0000 2015,0.0416666666667
Wed Sep 09 06:18:07 +0000 2015,0.0515
Wed Sep 09 06:18:10 +0000 2015,0.5
Wed Sep 09 06:18:11 +0000 2015,0.375
Wed Sep 09 06:18:12 +0000 2015,-0.75
Wed Sep 09 06:18:13 +0000 2015,0
Wed Sep 09 06:18:13 +0000 2015,-0.0625
Wed Sep 09 06:18:13 +0000 2015,0
Wed Sep 09 06:18:13 +0000 2015,0
Wed Sep 09 06:18:13 +0000 2015,0
Wed Sep 09 06:18:13 +0000 2015,0
Wed Sep 09 06:18:13 +0000 2015,0
Wed Sep 09 06:18:14 +0000 2015,-0.5
Wed Sep 09 06:18:15 +0000 2015,0.375
Wed Sep 09 06:18:16 +0000 2015,0.0515
Wed Sep 09 06:18:18 +0000 2015,0.5
Wed Sep 09 06:18:20 +0000 2015,-0.375
Wed Sep 09 06:18:20 +0000 2015,0.166666666667
Wed Sep 09 06:18:26 +0000 2015,-0.375
Wed Sep 09 06:18:29 +0000 2015,-0.375
Wed Sep 09 06:18:30 +0000 2015,-0.375
Wed Sep 09 06:18:36 +0000 2015,-0.375
Wed Sep 09 06:18:43 +0000 2015,0.3125
Wed Sep 09 06:18:43 +0000 2015,0
Wed Sep 09 06:18:45 +0000 2015,0.5
Wed Sep 09 06:18:45 +0000 2015,0.5
Wed Sep 09 06:18:51 +0000 2015,0.375
Wed Sep 09 06:18:51 +0000 2015,0.125
Wed Sep 09 06:18:51 +0000 2015,0.125
Wed Sep 09 06:18:52 +0000 2015,-0.375
Wed Sep 09 06:19:01 +0000 2015,-0.375
Wed Sep 09 06:19:04 +0000 2015,-0.375
Wed Sep 09 06:19:05 +0000 2015,-0.375
Wed Sep 09 06:19:09 +0000 2015,0.125
Wed Sep 09 06:19:11 +0000 2015,-0.375
Wed Sep 09 06:19:13 +0000 2015,0.375
Wed Sep 09 06:19:18 +0000 2015,0
Wed Sep 09 06:19:18 +0000 2015,0
Wed Sep 09 06:19:19 +0000 2015,0.25
Wed Sep 09 06:19:20 +0000 2015,0
Wed Sep 09 06:19:21 +0000 2015,-0.25
Wed Sep 09 06:19:23 +0000 2015,0
Wed Sep 09 06:19:23 +0000 2015,0.5
Wed Sep 09 06:19:34 +0000 2015,-0.25
Wed Sep 09 06:19:38 +0000 2015,0.25
Wed Sep 09 06:19:41 +0000 2015,0
Wed Sep 09 06:19:42 +0000 2015,-0.375
Wed Sep 09 06:19:42 +0000 2015,0
Wed Sep 09 06:19:46 +0000 2015,-0.175
Wed Sep 09 06:19:52 +0000 2015,-0.1875
Wed Sep 09 06:19:52 +0000 2015,0.225
Wed Sep 09 06:19:52 +0000 2015,0.225
Wed Sep 09 06:19:55 +0000 2015,0.166666666667
Wed Sep 09 06:20:01 +0000 2015,0.125
Wed Sep 09 06:20:02 +0000 2015,0.5
Wed Sep 09 06:20:02 +0000 2015,0
Wed Sep 09 06:20:02 +0000 2015,0
Wed Sep 09 06:20:03 +0000 2015,0
Wed Sep 09 06:20:02 +0000 2015,-0.25
Wed Sep 09 06:20:03 +0000 2015,-0.375
Wed Sep 09 06:20:03 +0000 2015,0.375
Wed Sep 09 06:20:03 +0000 2015,0
Wed Sep 09 06:20:04 +0000 2015,-0.375
Wed Sep 09 06:20:06 +0000 2015,-0.0625
Wed Sep 09 06:20:09 +0000 2015,0
Wed Sep 09 06:20:10 +0000 2015,0.375
Wed Sep 09 06:20:12 +0000 2015,0
Wed Sep 09 06:20:12 +0000 2015,0.5
Wed Sep 09 06:20:16 +0000 2015,-0.375
Wed Sep 09 06:20:19 +0000 2015,0.0
Wed Sep 09 06:20:19 +0000 2015,-0.375
Wed Sep 09 06:20:19 +0000 2015,0.291666666667
Wed Sep 09 06:20:21 +0000 2015,-0.375
Wed Sep 09 06:20:22 +0000 2015,0
Wed Sep 09 06:20:22 +0000 2015,0.5
Wed Sep 09 06:20:23 +0000 2015,-0.375
Wed Sep 09 06:20:24 +0000 2015,0
Wed Sep 09 06:20:25 +0000 2015,0
Wed Sep 09 06:20:26 +0000 2015,-0.375
Wed Sep 09 06:20:26 +0000 2015,0.25
Wed Sep 09 06:20:29 +0000 2015,0
Wed Sep 09 06:20:29 +0000 2015,0
Wed Sep 09 06:20:29 +0000 2015,0
Wed Sep 09 06:20:29 +0000 2015,0
Wed Sep 09 06:20:29 +0000 2015,0
Wed Sep 09 06:20:29 +0000 2015,0
Wed Sep 09 06:20:29 +0000 2015,0
Wed Sep 09 06:20:29 +0000 2015,0
Wed Sep 09 06:20:29 +0000 2015,0
Wed Sep 09 06:20:29 +0000 2015,0
Wed Sep 09 06:20:29 +0000 2015,0
Wed Sep 09 06:20:29 +0000 2015,0
Wed Sep 09 06:20:29 +0000 2015,0
Wed Sep 09 06:20:29 +0000 2015,0
Wed Sep 09 06:20:29 +0000 2015,0
Wed Sep 09 06:20:29 +0000 2015,0
Wed Sep 09 06:20:29 +0000 2015,0
Wed Sep 09 06:20:29 +0000 2015,0
Wed Sep 09 06:20:29 +0000 2015,0
Wed Sep 09 06:20:30 +0000 2015,0
Wed Sep 09 06:20:34 +0000 2015,0.625
Wed Sep 09 06:20:34 +0000 2015,-0.25
Wed Sep 09 06:20:34 +0000 2015,0
Wed Sep 09 06:20:38 +0000 2015,0
Wed Sep 09 06:20:40 +0000 2015,-0.25
Wed Sep 09 06:20:44 +0000 2015,0
Wed Sep 09 06:20:44 +0000 2015,-0.291666666667
Wed Sep 09 06:20:45 +0000 2015,0
Wed Sep 09 06:20:52 +0000 2015,0.25
Wed Sep 09 06:20:56 +0000 2015,-0.375
Wed Sep 09 06:20:57 +0000 2015,-0.15625
Wed Sep 09 06:20:59 +0000 2015,-0.375
Wed Sep 09 06:21:02 +0000 2015,0
Wed Sep 09 06:21:02 +0000 2015,0.375
Wed Sep 09 06:21:02 +0000 2015,0
Wed Sep 09 06:21:02 +0000 2015,0
Wed Sep 09 06:21:03 +0000 2015,-0.375
Wed Sep 09 06:21:03 +0000 2015,0.625
Wed Sep 09 06:21:08 +0000 2015,0.125
Wed Sep 09 06:21:08 +0000 2015,0
Wed Sep 09 06:21:08 +0000 2015,0
Wed Sep 09 06:21:09 +0000 2015,-0.375
Wed Sep 09 06:21:09 +0000 2015,0
Wed Sep 09 06:21:09 +0000 2015,-0.375
Wed Sep 09 06:21:09 +0000 2015,-0.1875
Wed Sep 09 06:21:09 +0000 2015,0
Wed Sep 09 06:21:10 +0000 2015,0.25
Wed Sep 09 06:21:10 +0000 2015,0.5
Wed Sep 09 06:21:10 +0000 2015,-0.375
Wed Sep 09 06:21:10 +0000 2015,0
Wed Sep 09 06:21:11 +0000 2015,0
Wed Sep 09 06:21:13 +0000 2015,0
Wed Sep 09 06:21:17 +0000 2015,-0.375
Wed Sep 09 06:21:18 +0000 2015,0.25
Wed Sep 09 06:21:21 +0000 2015,0
Wed Sep 09 06:21:23 +0000 2015,-0.375
Wed Sep 09 06:21:23 +0000 2015,0.5
Wed Sep 09 06:21:23 +0000 2015,0
Wed Sep 09 06:21:37 +0000 2015,0
Wed Sep 09 06:21:38 +0000 2015,-0.375
Wed Sep 09 06:21:45 +0000 2015,0
Wed Sep 09 06:21:49 +0000 2015,0.208333333333
Wed Sep 09 06:21:51 +0000 2015,-0.25
Wed Sep 09 06:21:52 +0000 2015,-0.25
Wed Sep 09 06:21:52 +0000 2015,0
Wed Sep 09 06:21:54 +0000 2015,-0.5
