Tue Sep 08 05:05:17 +0000 2015,-0.25
Tue Sep 08 05:05:17 +0000 2015,0.5
Tue Sep 08 05:05:18 +0000 2015,0.5
Tue Sep 08 05:05:20 +0000 2015,0
Tue Sep 08 05:05:21 +0000 2015,-0.4375
Tue Sep 08 05:05:21 +0000 2015,0
Tue Sep 08 05:05:21 +0000 2015,-0.0625
Tue Sep 08 05:05:21 +0000 2015,-0.0625
Tue Sep 08 05:05:24 +0000 2015,0.25
Tue Sep 08 05:05:27 +0000 2015,0.5
Tue Sep 08 05:05:31 +0000 2015,0
Tue Sep 08 05:05:31 +0000 2015,-0.375
Tue Sep 08 05:05:33 +0000 2015,0
Tue Sep 08 05:05:36 +0000 2015,0.5
Tue Sep 08 05:05:36 +0000 2015,0
Tue Sep 08 05:05:39 +0000 2015,-0.375
Tue Sep 08 05:05:40 +0000 2015,0
Tue Sep 08 05:05:44 +0000 2015,-0.125
Tue Sep 08 05:05:47 +0000 2015,0
Tue Sep 08 05:05:47 +0000 2015,-0.5
Tue Sep 08 05:05:49 +0000 2015,0
Tue Sep 08 05:05:52 +0000 2015,-0.375
Tue Sep 08 05:05:55 +0000 2015,-0.4375
Tue Sep 08 05:06:00 +0000 2015,0.458333333333
Tue Sep 08 05:06:00 +0000 2015,0
Tue Sep 08 05:06:02 +0000 2015,0
Tue Sep 08 05:06:03 +0000 2015,0
Tue Sep 08 05:06:04 +0000 2015,-0.375
Tue Sep 08 05:06:04 +0000 2015,0
Tue Sep 08 05:06:08 +0000 2015,-0.0625
Tue Sep 08 05:06:08 +0000 2015,0.5
Tue Sep 08 05:06:08 +0000 2015,0.5
Tue Sep 08 05:06:09 +0000 2015,0.5
Tue Sep 08 05:06:09 +0000 2015,0.5
Tue Sep 08 05:06:10 +0000 2015,-0.4375
Tue Sep 08 05:06:11 +0000 2015,0.0625
Tue Sep 08 05:06:12 +0000 2015,-0.25
Tue Sep 08 05:06:13 +0000 2015,-0.0625
Tue Sep 08 05:06:13 +0000 2015,-0.375
Tue Sep 08 05:06:13 +0000 2015,-0.0625
Tue Sep 08 05:06:14 +0000 2015,0.5
Tue Sep 08 05:06:14 +0000 2015,-0.375
Tue Sep 08 05:06:16 +0000 2015,0
Tue Sep 08 05:06:17 +0000 2015,-0.375
Tue Sep 08 05:06:18 +0000 2015,-0.125
Tue Sep 08 05:06:18 +0000 2015,-0.0625
Tue Sep 08 05:06:19 +0000 2015,-0.4375
Tue Sep 08 05:06:20 +0000 2015,0
Tue Sep 08 05:06:22 +0000 2015,0.25
Tue Sep 08 05:06:23 +0000 2015,0.125
Tue Sep 08 05:06:25 +0000 2015,-0.125
Tue Sep 08 05:06:29 +0000 2015,0.5
Tue Sep 08 05:06:29 +0000 2015,0
Tue Sep 08 05:06:29 +0000 2015,-0.4375
Tue Sep 08 05:06:32 +0000 2015,-0.125
Tue Sep 08 05:06:32 +0000 2015,0.375
Tue Sep 08 05:06:34 +0000 2015,-0.375
Tue Sep 08 05:06:34 +0000 2015,-0.0625
Tue Sep 08 05:06:34 +0000 2015,0
Tue Sep 08 05:06:34 +0000 2015,0
Tue Sep 08 05:06:34 +0000 2015,-0.4375
Tue Sep 08 05:06:35 +0000 2015,0.5
Tue Sep 08 05:06:36 +0000 2015,0
Tue Sep 08 05:06:35 +0000 2015,0
Tue Sep 08 05:06:36 +0000 2015,0
Tue Sep 08 05:06:38 +0000 2015,-0.375
Tue Sep 08 05:06:38 +0000 2015,0.09375
Tue Sep 08 05:06:41 +0000 2015,-0.4375
Tue Sep 08 05:06:43 +0000 2015,-0.125
Tue Sep 08 05:06:47 +0000 2015,-0.0625
Tue Sep 08 05:06:49 +0000 2015,-0.25
Tue Sep 08 05:06:51 +0000 2015,-0.4375
Tue Sep 08 05:06:51 +0000 2015,-0.375
Tue Sep 08 05:06:52 +0000 2015,-0.0625
Tue Sep 08 05:06:54 +0000 2015,-0.125
Tue Sep 08 05:06:55 +0000 2015,-0.0625
Tue Sep 08 05:06:55 +0000 2015,0
Tue Sep 08 05:06:56 +0000 2015,-0.4375
Tue Sep 08 05:06:57 +0000 2015,0.5
Tue Sep 08 05:06:57 +0000 2015,0.458333333333
Tue Sep 08 05:06:59 +0000 2015,-0.0625
Tue Sep 08 05:07:01 +0000 2015,0
Tue Sep 08 05:07:01 +0000 2015,-0.4375
Tue Sep 08 05:07:02 +0000 2015,0.25
Tue Sep 08 05:07:06 +0000 2015,0
Tue Sep 08 05:07:07 +0000 2015,-0.0625
Tue Sep 08 05:07:09 +0000 2015,-0.4375
Tue Sep 08 05:07:09 +0000 2015,-0.375
Tue Sep 08 05:07:10 +0000 2015,-0.375
Tue Sep 08 05:07:11 +0000 2015,-0.125
Tue Sep 08 05:07:11 +0000 2015,0.5
Tue Sep 08 05:07:17 +0000 2015,0.5
Tue Sep 08 05:07:18 +0000 2015,0.5
Tue Sep 08 05:07:20 +0000 2015,-0.25
Tue Sep 08 05:07:20 +0000 2015,0.0
Tue Sep 08 05:07:21 +0000 2015,0
Tue Sep 08 05:07:24 +0000 2015,-0.125
Tue Sep 08 05:07:24 +0000 2015,0.5
Tue Sep 08 05:07:25 +0000 2015,0.5
Tue Sep 08 05:07:27 +0000 2015,0
Tue Sep 08 05:07:28 +0000 2015,-0.4375
Tue Sep 08 05:07:28 +0000 2015,0.5
Tue Sep 08 05:07:30 +0000 2015,0.5
Tue Sep 08 05:07:32 +0000 2015,-0.125
Tue Sep 08 05:07:32 +0000 2015,0.5
Tue Sep 08 05:07:34 +0000 2015,-0.4375
Tue Sep 08 05:07:34 +0000 2015,-0.375
Tue Sep 08 05:07:35 +0000 2015,0
Tue Sep 08 05:07:35 +0000 2015,0
Tue Sep 08 05:07:37 +0000 2015,0.5
Tue Sep 08 05:07:40 +0000 2015,-0.125
Tue Sep 08 05:07:42 +0000 2015,0
Tue Sep 08 05:07:44 +0000 2015,-0.375
Tue Sep 08 05:07:44 +0000 2015,0
Tue Sep 08 05:07:44 +0000 2015,0
Tue Sep 08 05:07:47 +0000 2015,-0.375
Tue Sep 08 05:07:49 +0000 2015,-0.4375
Tue Sep 08 05:07:49 +0000 2015,0
Tue Sep 08 05:07:49 +0000 2015,0.0
Tue Sep 08 05:07:51 +0000 2015,-0.4375
Tue Sep 08 05:07:52 +0000 2015,0.3125
Tue Sep 08 05:07:54 +0000 2015,-0.4375
Tue Sep 08 05:07:54 +0000 2015,-0.0625
Tue Sep 08 05:07:58 +0000 2015,-0.375
Tue Sep 08 05:07:59 +0000 2015,-0.375
Tue Sep 08 05:08:00 +0000 2015,-0.375
Tue Sep 08 05:08:01 +0000 2015,0
Tue Sep 08 05:08:02 +0000 2015,-0.25
Tue Sep 08 05:08:02 +0000 2015,-0.375
Tue Sep 08 05:08:02 +0000 2015,0.09375
Tue Sep 08 05:08:03 +0000 2015,0.5625
Tue Sep 08 05:08:03 +0000 2015,0.0625
Tue Sep 08 05:08:03 +0000 2015,0.5625
Tue Sep 08 05:08:03 +0000 2015,0.3125
Tue Sep 08 05:08:03 +0000 2015,0
Tue Sep 08 05:08:03 +0000 2015,0.125
Tue Sep 08 05:08:04 +0000 2015,0
Tue Sep 08 05:08:04 +0000 2015,-0.4375
Tue Sep 08 05:08:04 +0000 2015,0
Tue Sep 08 05:08:05 +0000 2015,0.0
Tue Sep 08 05:08:06 +0000 2015,-0.4375
Tue Sep 08 05:08:06 +0000 2015,-0.375
Tue Sep 08 05:08:08 +0000 2015,-0.375
Tue Sep 08 05:08:09 +0000 2015,-0.375
Tue Sep 08 05:08:09 +0000 2015,0.5
Tue Sep 08 05:08:12 +0000 2015,0.0625
Tue Sep 08 05:08:12 +0000 2015,-0.25
Tue Sep 08 05:08:14 +0000 2015,-0.125
Tue Sep 08 05:08:14 +0000 2015,-0.0625
Tue Sep 08 05:08:16 +0000 2015,-0.375
Tue Sep 08 05:08:24 +0000 2015,-0.4375
Tue Sep 08 05:08:24 +0000 2015,0.5
Tue Sep 08 05:08:26 +0000 2015,-0.375
Tue Sep 08 05:08:27 +0000 2015,0.0
Tue Sep 08 05:08:29 +0000 2015,-0.0625
Tue Sep 08 05:08:31 +0000 2015,0.4375
Tue Sep 08 05:08:31 +0000 2015,-0.4375
Tue Sep 08 05:08:40 +0000 2015,-0.3125
Tue Sep 08 05:08:43 +0000 2015,-0.4375
Tue Sep 08 05:08:46 +0000 2015,-0.4375
Tue Sep 08 05:08:48 +0000 2015,-0.4375
Tue Sep 08 05:08:49 +0000 2015,0.5
Tue Sep 08 05:08:49 +0000 2015,0.5
Tue Sep 08 05:08:52 +0000 2015,-0.0625
Tue Sep 08 05:08:52 +0000 2015,-0.4375
Tue Sep 08 05:08:55 +0000 2015,-0.375
Tue Sep 08 05:08:58 +0000 2015,-0.375
Tue Sep 08 05:09:00 +0000 2015,-0.4375
Tue Sep 08 05:09:01 +0000 2015,0.5
Tue Sep 08 05:09:02 +0000 2015,-0.625
Tue Sep 08 05:09:02 +0000 2015,0.25
Tue Sep 08 05:09:04 +0000 2015,-0.125
Tue Sep 08 05:09:04 +0000 2015,-0.4375
Tue Sep 08 05:09:04 +0000 2015,0.291666666667
Tue Sep 08 05:09:04 +0000 2015,-0.375
Tue Sep 08 05:09:07 +0000 2015,-0.4375
Tue Sep 08 05:09:10 +0000 2015,-0.4375
Tue Sep 08 05:09:11 +0000 2015,-0.375
Tue Sep 08 05:09:11 +0000 2015,0.5
Tue Sep 08 05:09:12 +0000 2015,-0.125
Tue Sep 08 05:09:14 +0000 2015,-0.4375
Tue Sep 08 05:09:15 +0000 2015,0
Tue Sep 08 05:09:15 +0000 2015,0
Tue Sep 08 05:09:16 +0000 2015,-0.125
Tue Sep 08 05:09:18 +0000 2015,-0.4375
Tue Sep 08 05:09:19 +0000 2015,-0.375
Tue Sep 08 05:09:23 +0000 2015,0
Tue Sep 08 05:09:24 +0000 2015,-0.4375
Tue Sep 08 05:09:29 +0000 2015,-0.4375
Tue Sep 08 05:09:30 +0000 2015,-0.125
Tue Sep 08 05:09:33 +0000 2015,-0.4375
Tue Sep 08 05:09:35 +0000 2015,-0.125
Tue Sep 08 05:09:36 +0000 2015,-0.4375
Tue Sep 08 05:09:37 +0000 2015,-0.5
Tue Sep 08 05:09:38 +0000 2015,-0.125
Tue Sep 08 05:09:39 +0000 2015,-0.375
Tue Sep 08 05:09:40 +0000 2015,-0.4375
Tue Sep 08 05:09:41 +0000 2015,0
Tue Sep 08 05:09:42 +0000 2015,0
Tue Sep 08 05:09:43 +0000 2015,-0.4375
Tue Sep 08 05:09:44 +0000 2015,-0.1875
Tue Sep 08 05:09:46 +0000 2015,-0.125
Tue Sep 08 05:09:47 +0000 2015,-0.75
Tue Sep 08 05:09:47 +0000 2015,-0.75
Tue Sep 08 05:09:48 +0000 2015,-0.4375
Tue Sep 08 05:09:48 +0000 2015,-0.0625
Tue Sep 08 05:09:50 +0000 2015,-0.125
Tue Sep 08 05:09:51 +0000 2015,0
Tue Sep 08 05:09:52 +0000 2015,-0.0625
Tue Sep 08 05:09:52 +0000 2015,-0.4375
Tue Sep 08 05:09:58 +0000 2015,0.5
Tue Sep 08 05:10:00 +0000 2015,-0.4375
Tue Sep 08 05:10:01 +0000 2015,0
Tue Sep 08 05:10:01 +0000 2015,-0.0625
Tue Sep 08 05:10:01 +0000 2015,-0.125
Tue Sep 08 05:10:02 +0000 2015,0
Tue Sep 08 05:10:02 +0000 2015,0
Tue Sep 08 05:10:02 +0000 2015,0
Tue Sep 08 05:10:03 +0000 2015,0
Tue Sep 08 05:10:04 +0000 2015,0.25
Tue Sep 08 05:10:05 +0000 2015,-0.4375
Tue Sep 08 05:10:07 +0000 2015,0.5
Tue Sep 08 05:10:07 +0000 2015,-0.375
Tue Sep 08 05:10:08 +0000 2015,0
Tue Sep 08 05:10:10 +0000 2015,0
Tue Sep 08 05:10:10 +0000 2015,-0.4375
Tue Sep 08 05:10:11 +0000 2015,0
Tue Sep 08 05:10:11 +0000 2015,0.5
Tue Sep 08 05:10:12 +0000 2015,0.0625
Tue Sep 08 05:10:13 +0000 2015,-0.0625
Tue Sep 08 05:10:13 +0000 2015,-0.25
Tue Sep 08 05:10:14 +0000 2015,0
Tue Sep 08 05:10:15 +0000 2015,-0.0625
Tue Sep 08 05:10:15 +0000 2015,-0.4375
Tue Sep 08 05:10:16 +0000 2015,0
Tue Sep 08 05:10:16 +0000 2015,-0.4375
Tue Sep 08 05:10:17 +0000 2015,0.5
Tue Sep 08 05:10:18 +0000 2015,-0.375
Tue Sep 08 05:10:20 +0000 2015,0
Tue Sep 08 05:10:22 +0000 2015,0
Tue Sep 08 05:10:25 +0000 2015,0.5
Tue Sep 08 05:10:24 +0000 2015,-0.4375
Tue Sep 08 05:10:25 +0000 2015,0
Tue Sep 08 05:10:25 +0000 2015,0.25
Tue Sep 08 05:10:25 +0000 2015,0.5
Tue Sep 08 05:10:25 +0000 2015,0
Tue Sep 08 05:10:26 +0000 2015,0
Tue Sep 08 05:10:26 +0000 2015,0
Tue Sep 08 05:10:26 +0000 2015,0
Tue Sep 08 05:10:27 +0000 2015,0.5
Tue Sep 08 05:10:28 +0000 2015,0
Tue Sep 08 05:10:28 +0000 2015,-0.5
Tue Sep 08 05:10:34 +0000 2015,-0.4375
Tue Sep 08 05:10:37 +0000 2015,-0.4375
Tue Sep 08 05:10:40 +0000 2015,-0.4375
Tue Sep 08 05:10:41 +0000 2015,0.5
Tue Sep 08 05:10:42 +0000 2015,0
Tue Sep 08 05:10:44 +0000 2015,-0.125
Tue Sep 08 05:10:46 +0000 2015,0
Tue Sep 08 05:10:48 +0000 2015,-0.125
Tue Sep 08 05:10:50 +0000 2015,0
Tue Sep 08 05:10:56 +0000 2015,-0.0625
Tue Sep 08 05:11:00 +0000 2015,0.5
Tue Sep 08 05:11:00 +0000 2015,-0.4375
Tue Sep 08 05:11:03 +0000 2015,-0.5625
Tue Sep 08 05:11:03 +0000 2015,-0.0625
Tue Sep 08 05:11:05 +0000 2015,0
Tue Sep 08 05:11:06 +0000 2015,-0.4375
Tue Sep 08 05:11:08 +0000 2015,-0.375
Tue Sep 08 05:11:10 +0000 2015,0
Tue Sep 08 05:11:10 +0000 2015,0
Tue Sep 08 05:11:11 +0000 2015,0
Tue Sep 08 05:11:11 +0000 2015,0
Tue Sep 08 05:11:12 +0000 2015,0
Tue Sep 08 05:11:13 +0000 2015,-0.375
Tue Sep 08 05:11:14 +0000 2015,-0.3125
Tue Sep 08 05:11:14 +0000 2015,-0.0625
Tue Sep 08 05:11:14 +0000 2015,0
Tue Sep 08 05:11:15 +0000 2015,-0.4375
Tue Sep 08 05:11:17 +0000 2015,0
Tue Sep 08 05:11:18 +0000 2015,0.5
Tue Sep 08 05:11:18 +0000 2015,0
Tue Sep 08 05:11:19 +0000 2015,0
Tue Sep 08 05:11:21 +0000 2015,-0.375
Tue Sep 08 05:11:22 +0000 2015,0.25
Tue Sep 08 05:11:23 +0000 2015,-0.0625
Tue Sep 08 05:11:24 +0000 2015,-0.4375
Tue Sep 08 05:11:25 +0000 2015,0
Tue Sep 08 05:11:25 +0000 2015,0
Tue Sep 08 05:11:25 +0000 2015,-0.375
Tue Sep 08 05:11:25 +0000 2015,0.3125
Tue Sep 08 05:11:28 +0000 2015,-0.4375
Tue Sep 08 05:11:29 +0000 2015,0
Tue Sep 08 05:11:31 +0000 2015,-0.4375
Tue Sep 08 05:11:32 +0000 2015,0
Tue Sep 08 05:11:33 +0000 2015,-0.0625
Tue Sep 08 05:11:34 +0000 2015,-0.4375
Tue Sep 08 05:11:35 +0000 2015,0
Tue Sep 08 05:11:35 +0000 2015,0
Tue Sep 08 05:11:37 +0000 2015,0.5
Tue Sep 08 05:11:37 +0000 2015,-0.0625
Tue Sep 08 05:11:39 +0000 2015,-0.375
Tue Sep 08 05:11:41 +0000 2015,-0.4375
Tue Sep 08 05:11:43 +0000 2015,-0.4375
Tue Sep 08 05:11:46 +0000 2015,0.5
Tue Sep 08 05:11:49 +0000 2015,0.5
Tue Sep 08 05:11:51 +0000 2015,-0.3125
Tue Sep 08 05:11:53 +0000 2015,-0.125
Tue Sep 08 05:11:54 +0000 2015,0.5
Tue Sep 08 05:11:56 +0000 2015,0.5
Tue Sep 08 05:11:59 +0000 2015,-0.125
Tue Sep 08 05:12:03 +0000 2015,-0.0625
Tue Sep 08 05:12:03 +0000 2015,-0.0625
Tue Sep 08 05:12:06 +0000 2015,0.34375
Tue Sep 08 05:12:07 +0000 2015,0.5
Tue Sep 08 05:12:08 +0000 2015,0
Tue Sep 08 05:12:13 +0000 2015,0.0625
Tue Sep 08 05:12:13 +0000 2015,-0.0625
Tue Sep 08 05:12:13 +0000 2015,-0.25
Tue Sep 08 05:12:14 +0000 2015,-0.3125
Tue Sep 08 05:12:15 +0000 2015,-0.25
Tue Sep 08 05:12:21 +0000 2015,-0.375
Tue Sep 08 05:12:21 +0000 2015,0.5
Tue Sep 08 05:12:23 +0000 2015,0.5
Tue Sep 08 05:12:24 +0000 2015,0.125
Tue Sep 08 05:12:24 +0000 2015,-0.0625
Tue Sep 08 05:12:29 +0000 2015,0
Tue Sep 08 05:12:30 +0000 2015,0.5
Tue Sep 08 05:12:33 +0000 2015,0
Tue Sep 08 05:12:35 +0000 2015,0.75
Tue Sep 08 05:12:38 +0000 2015,-0.0625
Tue Sep 08 05:12:39 +0000 2015,0.0
Tue Sep 08 05:12:40 +0000 2015,-0.0625
Tue Sep 08 05:12:41 +0000 2015,0
Tue Sep 08 05:12:42 +0000 2015,0.3125
Tue Sep 08 05:12:44 +0000 2015,0.5
Tue Sep 08 05:12:47 +0000 2015,-0.125
Tue Sep 08 05:12:47 +0000 2015,-0.0625
Tue Sep 08 05:12:50 +0000 2015,-0.0625
Tue Sep 08 05:12:52 +0000 2015,-0.75
Tue Sep 08 05:12:53 +0000 2015,0.75
Tue Sep 08 05:12:55 +0000 2015,0.5
Tue Sep 08 05:12:56 +0000 2015,-0.0625
Tue Sep 08 05:12:57 +0000 2015,-0.0625
Tue Sep 08 05:12:58 +0000 2015,0.5
Tue Sep 08 05:13:00 +0000 2015,0.375
Tue Sep 08 05:13:00 +0000 2015,-0.375
Tue Sep 08 05:13:02 +0000 2015,0.5
Tue Sep 08 05:13:03 +0000 2015,0
Tue Sep 08 05:13:04 +0000 2015,-0.0625
Tue Sep 08 05:13:06 +0000 2015,0.5
Tue Sep 08 05:13:06 +0000 2015,-0.0625
Tue Sep 08 05:13:07 +0000 2015,0
Tue Sep 08 05:13:08 +0000 2015,0
Tue Sep 08 05:13:09 +0000 2015,0.5
Tue Sep 08 05:13:09 +0000 2015,-0.0625
Tue Sep 08 05:13:10 +0000 2015,0.5
Tue Sep 08 05:13:11 +0000 2015,-0.375
Tue Sep 08 05:13:12 +0000 2015,-0.125
Tue Sep 08 05:13:14 +0000 2015,-0.0625
Tue Sep 08 05:13:14 +0000 2015,0.5
Tue Sep 08 05:13:15 +0000 2015,-0.125
Tue Sep 08 05:13:15 +0000 2015,0
Tue Sep 08 05:13:16 +0000 2015,-0.0625
Tue Sep 08 05:13:16 +0000 2015,0.5
Tue Sep 08 05:13:18 +0000 2015,0.5
Tue Sep 08 05:13:18 +0000 2015,-0.375
Tue Sep 08 05:13:19 +0000 2015,0.375
Tue Sep 08 05:13:19 +0000 2015,0
Tue Sep 08 05:13:20 +0000 2015,0.5
Tue Sep 08 05:13:22 +0000 2015,0.5
Tue Sep 08 05:13:22 +0000 2015,0
Tue Sep 08 05:13:24 +0000 2015,-0.0625
Tue Sep 08 05:13:26 +0000 2015,0.5
Tue Sep 08 05:13:27 +0000 2015,0.5
Tue Sep 08 05:13:28 +0000 2015,0.5
Tue Sep 08 05:13:28 +0000 2015,-0.25
Tue Sep 08 05:13:30 +0000 2015,0.5
Tue Sep 08 05:13:33 +0000 2015,0.3125
Tue Sep 08 05:13:33 +0000 2015,0.375
Tue Sep 08 05:13:34 +0000 2015,0.3125
Tue Sep 08 05:13:34 +0000 2015,0.125
Tue Sep 08 05:13:34 +0000 2015,0.375
Tue Sep 08 05:13:34 +0000 2015,0.3125
Tue Sep 08 05:13:35 +0000 2015,0.375
Tue Sep 08 05:13:35 +0000 2015,0.375
Tue Sep 08 05:13:36 +0000 2015,0
Tue Sep 08 05:13:37 +0000 2015,0
Tue Sep 08 05:13:38 +0000 2015,0.5
Tue Sep 08 05:13:39 +0000 2015,-0.0625
Tue Sep 08 05:13:39 +0000 2015,-0.375
Tue Sep 08 05:13:41 +0000 2015,-0.0625
Tue Sep 08 05:13:42 +0000 2015,0.5
Tue Sep 08 05:13:44 +0000 2015,-0.375
Tue Sep 08 05:13:45 +0000 2015,-0.125
Tue Sep 08 05:13:46 +0000 2015,-0.125
Tue Sep 08 05:13:51 +0000 2015,-0.125
Tue Sep 08 05:13:54 +0000 2015,-0.0625
Tue Sep 08 05:13:54 +0000 2015,-0.25
Tue Sep 08 05:13:55 +0000 2015,-0.0625
Tue Sep 08 05:13:55 +0000 2015,-0.0625
Tue Sep 08 05:13:59 +0000 2015,-0.375
Tue Sep 08 05:14:00 +0000 2015,-0.0625
Tue Sep 08 05:14:00 +0000 2015,0.5
Tue Sep 08 05:14:03 +0000 2015,0.5
Tue Sep 08 05:14:03 +0000 2015,-0.5
Tue Sep 08 05:14:03 +0000 2015,-0.375
Tue Sep 08 05:14:05 +0000 2015,0.5
Tue Sep 08 05:14:06 +0000 2015,0.5
Tue Sep 08 05:14:07 +0000 2015,-0.125
Tue Sep 08 05:14:11 +0000 2015,-0.125
Tue Sep 08 05:14:12 +0000 2015,0.0625
Tue Sep 08 05:14:11 +0000 2015,0.5
Tue Sep 08 05:14:12 +0000 2015,-0.25
Tue Sep 08 05:14:18 +0000 2015,-0.25
Tue Sep 08 05:14:19 +0000 2015,-0.375
Tue Sep 08 05:14:19 +0000 2015,-0.375
Tue Sep 08 05:14:19 +0000 2015,-0.125
Tue Sep 08 05:14:20 +0000 2015,-0.125
Tue Sep 08 05:14:23 +0000 2015,-0.25
Tue Sep 08 05:14:26 +0000 2015,-0.0625
Tue Sep 08 05:14:27 +0000 2015,-0.25
Tue Sep 08 05:14:27 +0000 2015,-0.0625
Tue Sep 08 05:14:29 +0000 2015,-0.375
Tue Sep 08 05:14:33 +0000 2015,0.625
Tue Sep 08 05:14:33 +0000 2015,0.5
Tue Sep 08 05:14:36 +0000 2015,-0.125
Tue Sep 08 05:14:37 +0000 2015,-0.125
Tue Sep 08 05:14:37 +0000 2015,-0.125
Tue Sep 08 05:14:38 +0000 2015,-0.375
Tue Sep 08 05:14:39 +0000 2015,0
Tue Sep 08 05:14:40 +0000 2015,0.5
Tue Sep 08 05:14:42 +0000 2015,0.625
Tue Sep 08 05:14:42 +0000 2015,0.3125
Tue Sep 08 05:14:42 +0000 2015,0.375
Tue Sep 08 05:14:46 +0000 2015,0
Tue Sep 08 05:14:47 +0000 2015,-0.125
Tue Sep 08 05:14:50 +0000 2015,0.625
Tue Sep 08 05:14:50 +0000 2015,-0.375
Tue Sep 08 05:14:52 +0000 2015,-0.1875
Tue Sep 08 05:14:52 +0000 2015,0.291666666667
Tue Sep 08 05:14:53 +0000 2015,-0.0625
Tue Sep 08 05:14:54 +0000 2015,-0.75
Tue Sep 08 05:14:57 +0000 2015,0.0
Tue Sep 08 05:15:01 +0000 2015,0
Tue Sep 08 05:15:02 +0000 2015,0
Tue Sep 08 05:15:02 +0000 2015,0.5
Tue Sep 08 05:15:03 +0000 2015,-0.4375
Tue Sep 08 05:15:03 +0000 2015,0
Tue Sep 08 05:15:04 +0000 2015,-0.0416666666667
Tue Sep 08 05:15:04 +0000 2015,0
Tue Sep 08 05:15:05 +0000 2015,0.5625
Tue Sep 08 05:15:05 +0000 2015,0
Tue Sep 08 05:15:08 +0000 2015,-0.375
Tue Sep 08 05:15:08 +0000 2015,-0.1875
Tue Sep 08 05:15:09 +0000 2015,-0.125
Tue Sep 08 05:15:09 +0000 2015,0.125
Tue Sep 08 05:15:09 +0000 2015,-0.5
Tue Sep 08 05:15:11 +0000 2015,-0.1875
Tue Sep 08 05:15:12 +0000 2015,-0.375
Tue Sep 08 05:15:14 +0000 2015,0.625
Tue Sep 08 05:15:15 +0000 2015,-0.375
Tue Sep 08 05:15:17 +0000 2015,-0.0625
Tue Sep 08 05:15:18 +0000 2015,-0.5
Tue Sep 08 05:15:18 +0000 2015,-0.375
Tue Sep 08 05:15:19 +0000 2015,0
Tue Sep 08 05:15:20 +0000 2015,-0.0625
Tue Sep 08 05:15:22 +0000 2015,0.5
Tue Sep 08 05:15:24 +0000 2015,-0.0625
Tue Sep 08 05:15:27 +0000 2015,-0.125
Tue Sep 08 05:15:28 +0000 2015,-0.0625
Tue Sep 08 05:15:31 +0000 2015,-0.375
Tue Sep 08 05:15:31 +0000 2015,-0.0625
Tue Sep 08 05:15:32 +0000 2015,0.5625
Tue Sep 08 05:15:36 +0000 2015,-0.375
Tue Sep 08 05:15:36 +0000 2015,0.5
Tue Sep 08 05:15:36 +0000 2015,-0.375
Tue Sep 08 05:15:38 +0000 2015,-0.0625
Tue Sep 08 05:15:39 +0000 2015,-0.125
Tue Sep 08 05:15:40 +0000 2015,-0.375
Tue Sep 08 05:15:41 +0000 2015,-0.5
Tue Sep 08 05:15:45 +0000 2015,0.5
Tue Sep 08 05:15:46 +0000 2015,-0.375
Tue Sep 08 05:15:47 +0000 2015,0.5
Tue Sep 08 05:15:51 +0000 2015,0.875
Tue Sep 08 05:15:53 +0000 2015,-0.333333333333
Tue Sep 08 05:15:53 +0000 2015,0.5
Tue Sep 08 05:15:54 +0000 2015,-0.375
Tue Sep 08 05:15:55 +0000 2015,-0.125
Tue Sep 08 05:15:57 +0000 2015,0.5
Tue Sep 08 05:16:01 +0000 2015,-0.5
Tue Sep 08 05:16:02 +0000 2015,0.0
Tue Sep 08 05:16:02 +0000 2015,0
Tue Sep 08 05:16:03 +0000 2015,0
Tue Sep 08 05:16:07 +0000 2015,0.291666666667
Tue Sep 08 05:16:08 +0000 2015,-0.125
Tue Sep 08 05:16:09 +0000 2015,-0.0625
Tue Sep 08 05:16:11 +0000 2015,-0.375
Tue Sep 08 05:16:11 +0000 2015,0.0625
Tue Sep 08 05:16:12 +0000 2015,-0.25
Tue Sep 08 05:16:12 +0000 2015,-0.375
Tue Sep 08 05:16:12 +0000 2015,0
Tue Sep 08 05:16:14 +0000 2015,0.5
Tue Sep 08 05:16:15 +0000 2015,0.375
Tue Sep 08 05:16:19 +0000 2015,-0.125
Tue Sep 08 05:16:20 +0000 2015,0
Tue Sep 08 05:16:21 +0000 2015,0
Tue Sep 08 05:16:24 +0000 2015,-0.125
Tue Sep 08 05:16:24 +0000 2015,-0.125
Tue Sep 08 05:16:26 +0000 2015,0.4375
Tue Sep 08 05:16:27 +0000 2015,0
Tue Sep 08 05:16:29 +0000 2015,0
Tue Sep 08 05:16:33 +0000 2015,0
Tue Sep 08 05:16:34 +0000 2015,-0.125
Tue Sep 08 05:16:34 +0000 2015,-0.375
Tue Sep 08 05:16:36 +0000 2015,0
Tue Sep 08 05:16:36 +0000 2015,-0.125
Tue Sep 08 05:16:39 +0000 2015,-0.375
Tue Sep 08 05:16:39 +0000 2015,0.5
Tue Sep 08 05:16:40 +0000 2015,-0.375
Tue Sep 08 05:16:40 +0000 2015,0.5
Tue Sep 08 05:16:42 +0000 2015,-0.125
Tue Sep 08 05:16:47 +0000 2015,-0.375
Tue Sep 08 05:16:48 +0000 2015,-0.375
Tue Sep 08 05:16:50 +0000 2015,-0.3125
Tue Sep 08 05:16:51 +0000 2015,-0.375
Tue Sep 08 05:16:51 +0000 2015,0.375
Tue Sep 08 05:16:51 +0000 2015,-0.375
Tue Sep 08 05:16:51 +0000 2015,-0.375
Tue Sep 08 05:16:53 +0000 2015,0.4375
Tue Sep 08 05:16:54 +0000 2015,-0.125
Tue Sep 08 05:16:55 +0000 2015,0.5
Tue Sep 08 05:16:55 +0000 2015,0.5
Tue Sep 08 05:16:58 +0000 2015,-0.5
Tue Sep 08 05:16:58 +0000 2015,-0.375
Tue Sep 08 05:16:59 +0000 2015,0.375
Tue Sep 08 05:17:00 +0000 2015,0.3125
Tue Sep 08 05:17:02 +0000 2015,-0.625
Tue Sep 08 05:17:04 +0000 2015,0.5
Tue Sep 08 05:17:05 +0000 2015,-0.25
Tue Sep 08 05:17:05 +0000 2015,-0.125
Tue Sep 08 05:17:05 +0000 2015,0
Tue Sep 08 05:17:09 +0000 2015,-0.0625
Tue Sep 08 05:17:10 +0000 2015,0.5
Tue Sep 08 05:17:11 +0000 2015,0
Tue Sep 08 05:17:12 +0000 2015,-0.0625
Tue Sep 08 05:17:14 +0000 2015,-0.375
Tue Sep 08 05:17:16 +0000 2015,0.5
Tue Sep 08 05:17:17 +0000 2015,-0.0625
Tue Sep 08 05:17:21 +0000 2015,-0.125
Tue Sep 08 05:17:24 +0000 2015,0.5
Tue Sep 08 05:17:25 +0000 2015,0.5
Tue Sep 08 05:17:25 +0000 2015,-0.375
Tue Sep 08 05:17:25 +0000 2015,0.4375
Tue Sep 08 05:17:27 +0000 2015,0.5
Tue Sep 08 05:17:28 +0000 2015,-0.375
Tue Sep 08 05:17:28 +0000 2015,0
Tue Sep 08 05:17:34 +0000 2015,0
Tue Sep 08 05:17:34 +0000 2015,0
Tue Sep 08 05:17:35 +0000 2015,-0.0625
Tue Sep 08 05:17:36 +0000 2015,0.5
Tue Sep 08 05:17:36 +0000 2015,-0.0625
Tue Sep 08 05:17:38 +0000 2015,0.5
Tue Sep 08 05:17:38 +0000 2015,-0.375
Tue Sep 08 05:17:39 +0000 2015,0
Tue Sep 08 05:17:41 +0000 2015,-0.375
Tue Sep 08 05:17:43 +0000 2015,-0.0625
Tue Sep 08 05:17:47 +0000 2015,-0.5
Tue Sep 08 05:17:49 +0000 2015,0.5
Tue Sep 08 05:17:51 +0000 2015,0
Tue Sep 08 05:17:53 +0000 2015,0.5
Tue Sep 08 05:17:56 +0000 2015,-0.375
Tue Sep 08 05:17:56 +0000 2015,-0.0625
Tue Sep 08 05:18:00 +0000 2015,0
Tue Sep 08 05:18:01 +0000 2015,0
Tue Sep 08 05:18:01 +0000 2015,-0.0833333333333
Tue Sep 08 05:18:02 +0000 2015,-0.272
Tue Sep 08 05:18:02 +0000 2015,0.166666666667
Tue Sep 08 05:18:03 +0000 2015,0.5
Tue Sep 08 05:18:03 +0000 2015,0
Tue Sep 08 05:18:03 +0000 2015,0.25
Tue Sep 08 05:18:04 +0000 2015,0.0625
Tue Sep 08 05:18:04 +0000 2015,0
Tue Sep 08 05:18:05 +0000 2015,0
Tue Sep 08 05:18:07 +0000 2015,-0.25
Tue Sep 08 05:18:11 +0000 2015,-0.375
Tue Sep 08 05:18:13 +0000 2015,0.0625
Tue Sep 08 05:18:13 +0000 2015,-0.375
Tue Sep 08 05:18:13 +0000 2015,-0.25
Tue Sep 08 05:18:14 +0000 2015,-0.0625
Tue Sep 08 05:18:16 +0000 2015,0
Tue Sep 08 05:18:16 +0000 2015,0
Tue Sep 08 05:18:17 +0000 2015,0.5
Tue Sep 08 05:18:17 +0000 2015,0
Tue Sep 08 05:18:18 +0000 2015,0.5
Tue Sep 08 05:18:19 +0000 2015,-0.25
Tue Sep 08 05:18:20 +0000 2015,0
Tue Sep 08 05:18:20 +0000 2015,-0.0625
Tue Sep 08 05:18:22 +0000 2015,0.5
Tue Sep 08 05:18:23 +0000 2015,-0.25
Tue Sep 08 05:18:26 +0000 2015,0.5
Tue Sep 08 05:18:26 +0000 2015,0.5
Tue Sep 08 05:18:29 +0000 2015,0.5
Tue Sep 08 05:18:29 +0000 2015,0.5
Tue Sep 08 05:18:38 +0000 2015,0.4375
Tue Sep 08 05:18:44 +0000 2015,0.5
Tue Sep 08 05:18:46 +0000 2015,-0.375
Tue Sep 08 05:18:54 +0000 2015,0.291666666667
Tue Sep 08 05:18:56 +0000 2015,0.5
Tue Sep 08 05:18:57 +0000 2015,-0.375
Tue Sep 08 05:18:57 +0000 2015,-0.75
Tue Sep 08 05:18:57 +0000 2015,-0.375
Tue Sep 08 05:18:57 +0000 2015,-0.375
Tue Sep 08 05:19:02 +0000 2015,0.0
Tue Sep 08 05:19:03 +0000 2015,0.5
Tue Sep 08 05:19:03 +0000 2015,-0.375
Tue Sep 08 05:19:06 +0000 2015,0.5
Tue Sep 08 05:19:12 +0000 2015,-0.75
Tue Sep 08 05:19:14 +0000 2015,-0.375
Tue Sep 08 05:19:14 +0000 2015,0
Tue Sep 08 05:19:16 +0000 2015,0
Tue Sep 08 05:19:18 +0000 2015,0.25
Tue Sep 08 05:19:19 +0000 2015,0.5
Tue Sep 08 05:19:20 +0000 2015,0.5
Tue Sep 08 05:19:21 +0000 2015,-0.75
Tue Sep 08 05:19:21 +0000 2015,0.5
Tue Sep 08 05:19:25 +0000 2015,0.5
Tue Sep 08 05:19:28 +0000 2015,0.5
Tue Sep 08 05:19:29 +0000 2015,-0.1875
Tue Sep 08 05:19:32 +0000 2015,0.5
Tue Sep 08 05:19:36 +0000 2015,0
Tue Sep 08 05:19:37 +0000 2015,-0.375
Tue Sep 08 05:19:38 +0000 2015,0.5
Tue Sep 08 05:19:44 +0000 2015,0.625
Tue Sep 08 05:19:45 +0000 2015,0
Tue Sep 08 05:19:45 +0000 2015,0
Tue Sep 08 05:19:46 +0000 2015,0
Tue Sep 08 05:19:46 +0000 2015,0
Tue Sep 08 05:19:46 +0000 2015,0
Tue Sep 08 05:19:46 +0000 2015,0
Tue Sep 08 05:19:48 +0000 2015,0
Tue Sep 08 05:19:49 +0000 2015,0
Tue Sep 08 05:19:49 +0000 2015,0.5
Tue Sep 08 05:19:51 +0000 2015,0
Tue Sep 08 05:19:56 +0000 2015,0.5
Tue Sep 08 05:19:58 +0000 2015,-0.1875
Tue Sep 08 05:19:58 +0000 2015,0
Tue Sep 08 05:19:59 +0000 2015,0.5
Tue Sep 08 05:20:02 +0000 2015,0
Tue Sep 08 05:20:02 +0000 2015,0
Tue Sep 08 05:20:02 +0000 2015,-0.3125
Tue Sep 08 05:20:03 +0000 2015,0
Tue Sep 08 05:20:03 +0000 2015,0
Tue Sep 08 05:20:03 +0000 2015,0
Tue Sep 08 05:20:05 +0000 2015,-0.25
Tue Sep 08 05:20:06 +0000 2015,0.5
Tue Sep 08 05:20:08 +0000 2015,-0.375
Tue Sep 08 05:20:09 +0000 2015,0
Tue Sep 08 05:20:09 +0000 2015,-0.25
Tue Sep 08 05:20:09 +0000 2015,0.5
Tue Sep 08 05:20:10 +0000 2015,0
Tue Sep 08 05:20:10 +0000 2015,0
Tue Sep 08 05:20:12 +0000 2015,0.0625
Tue Sep 08 05:20:13 +0000 2015,-0.25
Tue Sep 08 05:20:14 +0000 2015,0.1875
Tue Sep 08 05:20:14 +0000 2015,0.5
Tue Sep 08 05:20:15 +0000 2015,-0.375
Tue Sep 08 05:20:15 +0000 2015,0
Tue Sep 08 05:20:16 +0000 2015,0.5
Tue Sep 08 05:20:18 +0000 2015,0
Tue Sep 08 05:20:21 +0000 2015,0.5
Tue Sep 08 05:20:22 +0000 2015,0
Tue Sep 08 05:20:27 +0000 2015,0.5
Tue Sep 08 05:20:28 +0000 2015,0.4375
Tue Sep 08 05:20:29 +0000 2015,0.5
Tue Sep 08 05:20:29 +0000 2015,0.625
Tue Sep 08 05:20:29 +0000 2015,0.5
Tue Sep 08 05:20:34 +0000 2015,0.5
Tue Sep 08 05:20:40 +0000 2015,-0.125
Tue Sep 08 05:20:41 +0000 2015,0
Tue Sep 08 05:20:45 +0000 2015,0.0
Tue Sep 08 05:20:47 +0000 2015,0.5
Tue Sep 08 05:20:47 +0000 2015,0.4375
Tue Sep 08 05:20:48 +0000 2015,-0.5
Tue Sep 08 05:20:53 +0000 2015,-0.125
Tue Sep 08 05:20:54 +0000 2015,-0.5
Tue Sep 08 05:20:55 +0000 2015,-0.125
Tue Sep 08 05:20:57 +0000 2015,0.5
Tue Sep 08 05:20:59 +0000 2015,0
Tue Sep 08 05:20:59 +0000 2015,-0.125
Tue Sep 08 05:21:00 +0000 2015,0.09375
Tue Sep 08 05:21:00 +0000 2015,-0.375
Tue Sep 08 05:21:00 +0000 2015,-0.5
Tue Sep 08 05:21:02 +0000 2015,0
Tue Sep 08 05:21:02 +0000 2015,0.5
Tue Sep 08 05:21:03 +0000 2015,0.625
Tue Sep 08 05:21:03 +0000 2015,-0.125
Tue Sep 08 05:21:04 +0000 2015,0.09375
Tue Sep 08 05:21:04 +0000 2015,-0.375
Tue Sep 08 05:21:04 +0000 2015,-0.5
Tue Sep 08 05:21:04 +0000 2015,-0.5
Tue Sep 08 05:21:06 +0000 2015,-0.25
Tue Sep 08 05:21:07 +0000 2015,0
Tue Sep 08 05:21:09 +0000 2015,0.5
Tue Sep 08 05:21:15 +0000 2015,-0.5
Tue Sep 08 05:21:15 +0000 2015,-0.5
Tue Sep 08 05:21:16 +0000 2015,-0.5
Tue Sep 08 05:21:18 +0000 2015,0.5
Tue Sep 08 05:21:19 +0000 2015,0.5
Tue Sep 08 05:21:22 +0000 2015,0.75
Tue Sep 08 05:21:23 +0000 2015,-0.5
Tue Sep 08 05:21:25 +0000 2015,-0.375
Tue Sep 08 05:21:27 +0000 2015,-0.0625
Tue Sep 08 05:21:27 +0000 2015,0
Tue Sep 08 05:21:28 +0000 2015,0.4375
Tue Sep 08 05:21:28 +0000 2015,0
Tue Sep 08 05:21:28 +0000 2015,-0.0625
Tue Sep 08 05:21:30 +0000 2015,-0.375
Tue Sep 08 05:21:31 +0000 2015,-0.375
Tue Sep 08 05:21:33 +0000 2015,0.5
Tue Sep 08 05:21:33 +0000 2015,-0.5
Tue Sep 08 05:21:36 +0000 2015,0.5
Tue Sep 08 05:21:37 +0000 2015,0
Tue Sep 08 05:21:37 +0000 2015,0.5
Tue Sep 08 05:21:37 +0000 2015,0
Tue Sep 08 05:21:37 +0000 2015,0
Tue Sep 08 05:21:38 +0000 2015,0
Tue Sep 08 05:21:38 +0000 2015,-0.375
Tue Sep 08 05:21:38 +0000 2015,0.1875
Tue Sep 08 05:21:39 +0000 2015,0
Tue Sep 08 05:21:39 +0000 2015,0
Tue Sep 08 05:21:39 +0000 2015,-0.5
Tue Sep 08 05:21:40 +0000 2015,0.5
Tue Sep 08 05:21:40 +0000 2015,-0.15
Tue Sep 08 05:21:41 +0000 2015,0.4375
Tue Sep 08 05:21:41 +0000 2015,0
Tue Sep 08 05:21:43 +0000 2015,-0.4375
Tue Sep 08 05:21:44 +0000 2015,0
Tue Sep 08 05:21:46 +0000 2015,-0.5
Tue Sep 08 05:21:46 +0000 2015,-0.25
Tue Sep 08 05:21:46 +0000 2015,0.375
Tue Sep 08 05:21:48 +0000 2015,0.5
Tue Sep 08 05:21:48 +0000 2015,-0.3125
Tue Sep 08 05:21:48 +0000 2015,0
Tue Sep 08 05:21:51 +0000 2015,-0.375
Tue Sep 08 05:21:58 +0000 2015,-0.375
Tue Sep 08 05:21:58 +0000 2015,-0.0416666666667
Tue Sep 08 05:21:59 +0000 2015,0
Tue Sep 08 05:21:59 +0000 2015,0.75
Tue Sep 08 05:21:59 +0000 2015,-0.375
Tue Sep 08 05:21:59 +0000 2015,0
Tue Sep 08 05:21:59 +0000 2015,-0.0416666666667
Tue Sep 08 05:21:59 +0000 2015,-0.375
Tue Sep 08 05:21:59 +0000 2015,0
Tue Sep 08 05:22:00 +0000 2015,0.75
Tue Sep 08 05:22:00 +0000 2015,0
Tue Sep 08 05:22:02 +0000 2015,-0.125
Tue Sep 08 05:22:03 +0000 2015,-0.375
Tue Sep 08 05:22:06 +0000 2015,-0.625
Tue Sep 08 05:22:08 +0000 2015,0.5
Tue Sep 08 05:22:08 +0000 2015,0.5
Tue Sep 08 05:22:09 +0000 2015,0.5
Tue Sep 08 05:22:12 +0000 2015,0.0625
Tue Sep 08 05:22:12 +0000 2015,-0.25
Tue Sep 08 05:22:13 +0000 2015,0.75
Tue Sep 08 05:22:13 +0000 2015,0.5
Tue Sep 08 05:22:14 +0000 2015,0.5
Tue Sep 08 05:22:17 +0000 2015,-0.375
Tue Sep 08 05:22:18 +0000 2015,-0.375
Tue Sep 08 05:22:18 +0000 2015,-0.375
Tue Sep 08 05:22:18 +0000 2015,-0.375
Tue Sep 08 05:22:20 +0000 2015,-0.375
Tue Sep 08 05:22:22 +0000 2015,0
Tue Sep 08 05:22:26 +0000 2015,0.5
Tue Sep 08 05:22:27 +0000 2015,-0.125
Tue Sep 08 05:22:30 +0000 2015,-0.25
Tue Sep 08 05:22:31 +0000 2015,0
Tue Sep 08 05:22:32 +0000 2015,-0.5
Tue Sep 08 05:22:33 +0000 2015,0.5
Tue Sep 08 05:22:34 +0000 2015,0.5
Tue Sep 08 05:22:36 +0000 2015,0
Tue Sep 08 05:22:38 +0000 2015,0
Tue Sep 08 05:22:40 +0000 2015,0.375
Tue Sep 08 05:22:40 +0000 2015,0
Tue Sep 08 05:22:41 +0000 2015,0.5
Tue Sep 08 05:22:41 +0000 2015,0
Tue Sep 08 05:22:42 +0000 2015,0.75
Tue Sep 08 05:22:43 +0000 2015,0
Tue Sep 08 05:22:43 +0000 2015,0.375
Tue Sep 08 05:22:44 +0000 2015,-0.5
Tue Sep 08 05:22:44 +0000 2015,0
Tue Sep 08 05:22:45 +0000 2015,-0.25
Tue Sep 08 05:22:45 +0000 2015,0.5
Tue Sep 08 05:22:46 +0000 2015,-0.25
Tue Sep 08 05:22:47 +0000 2015,0
Tue Sep 08 05:22:47 +0000 2015,0.5
Tue Sep 08 05:22:48 +0000 2015,0
Tue Sep 08 05:22:49 +0000 2015,0
Tue Sep 08 05:22:49 +0000 2015,0.875
Tue Sep 08 05:22:49 +0000 2015,0.25
Tue Sep 08 05:22:50 +0000 2015,-0.25
Tue Sep 08 05:22:50 +0000 2015,0
Tue Sep 08 05:22:51 +0000 2015,-0.375
Tue Sep 08 05:22:52 +0000 2015,0.5
Tue Sep 08 05:22:53 +0000 2015,-0.5
Tue Sep 08 05:22:56 +0000 2015,0.5
Tue Sep 08 05:22:58 +0000 2015,0.5
Tue Sep 08 05:22:58 +0000 2015,-0.375
Tue Sep 08 05:23:00 +0000 2015,-0.0625
Tue Sep 08 05:23:02 +0000 2015,0.0
Tue Sep 08 05:23:05 +0000 2015,0.5
Tue Sep 08 05:23:07 +0000 2015,0.291666666667
Tue Sep 08 05:23:09 +0000 2015,-0.375
Tue Sep 08 05:23:14 +0000 2015,0
Tue Sep 08 05:23:14 +0000 2015,0.375
Tue Sep 08 05:23:14 +0000 2015,0
Tue Sep 08 05:23:17 +0000 2015,0.5
Tue Sep 08 05:23:17 +0000 2015,0.5
Tue Sep 08 05:23:18 +0000 2015,0.125
Tue Sep 08 05:23:22 +0000 2015,0.25
Tue Sep 08 05:23:22 +0000 2015,0.5
Tue Sep 08 05:23:29 +0000 2015,-0.375
Tue Sep 08 05:23:33 +0000 2015,0.291666666667
Tue Sep 08 05:23:33 +0000 2015,-0.125
Tue Sep 08 05:23:35 +0000 2015,0.5
Tue Sep 08 05:23:35 +0000 2015,-0.375
Tue Sep 08 05:23:37 +0000 2015,0
Tue Sep 08 05:23:39 +0000 2015,-0.5
Tue Sep 08 05:23:40 +0000 2015,0.125
Tue Sep 08 05:23:42 +0000 2015,-0.625
Tue Sep 08 05:23:44 +0000 2015,0.09375
Tue Sep 08 05:23:45 +0000 2015,0
Tue Sep 08 05:23:45 +0000 2015,0.25
Tue Sep 08 05:23:46 +0000 2015,0
Tue Sep 08 05:23:46 +0000 2015,-0.625
Tue Sep 08 05:23:50 +0000 2015,-0.625
Tue Sep 08 05:23:51 +0000 2015,0.5
Tue Sep 08 05:23:52 +0000 2015,-0.375
Tue Sep 08 05:23:53 +0000 2015,0.291666666667
Tue Sep 08 05:23:54 +0000 2015,-0.625
Tue Sep 08 05:23:56 +0000 2015,-0.1875
Tue Sep 08 05:23:58 +0000 2015,-0.625
Tue Sep 08 05:23:59 +0000 2015,0
Tue Sep 08 05:24:00 +0000 2015,0
Tue Sep 08 05:24:00 +0000 2015,0
Tue Sep 08 05:24:01 +0000 2015,0.5
Tue Sep 08 05:24:02 +0000 2015,0.291666666667
Tue Sep 08 05:24:02 +0000 2015,0
Tue Sep 08 05:24:02 +0000 2015,0
Tue Sep 08 05:24:02 +0000 2015,0
Tue Sep 08 05:24:02 +0000 2015,-0.625
Tue Sep 08 05:24:03 +0000 2015,0.0625
Tue Sep 08 05:24:04 +0000 2015,-0.125
Tue Sep 08 05:24:06 +0000 2015,-0.625
Tue Sep 08 05:24:09 +0000 2015,-0.25
Tue Sep 08 05:24:09 +0000 2015,-0.3125
Tue Sep 08 05:24:10 +0000 2015,0.5
Tue Sep 08 05:24:11 +0000 2015,-0.625
Tue Sep 08 05:24:12 +0000 2015,0.0625
Tue Sep 08 05:24:12 +0000 2015,-0.25
Tue Sep 08 05:24:15 +0000 2015,-0.625
Tue Sep 08 05:24:17 +0000 2015,0.5
Tue Sep 08 05:24:17 +0000 2015,-0.0833333333333
Tue Sep 08 05:24:18 +0000 2015,0.3125
Tue Sep 08 05:24:19 +0000 2015,-0.625
Tue Sep 08 05:24:20 +0000 2015,0.5
Tue Sep 08 05:24:22 +0000 2015,0
Tue Sep 08 05:24:25 +0000 2015,0.5
Tue Sep 08 05:24:34 +0000 2015,0.25
Tue Sep 08 05:24:39 +0000 2015,-0.375
Tue Sep 08 05:24:40 +0000 2015,0.375
Tue Sep 08 05:24:40 +0000 2015,-0.375
Tue Sep 08 05:24:40 +0000 2015,-0.25
Tue Sep 08 05:24:42 +0000 2015,-0.0625
Tue Sep 08 05:24:45 +0000 2015,0.5
Tue Sep 08 05:24:48 +0000 2015,-0.125
Tue Sep 08 05:24:48 +0000 2015,0.5
Tue Sep 08 05:24:49 +0000 2015,0.75
Tue Sep 08 05:24:57 +0000 2015,0.5
Tue Sep 08 05:25:00 +0000 2015,0.5
Tue Sep 08 05:25:02 +0000 2015,0.5
Tue Sep 08 05:25:03 +0000 2015,0.4375
Tue Sep 08 05:25:09 +0000 2015,0.75
Tue Sep 08 05:25:11 +0000 2015,0.5
Tue Sep 08 05:25:13 +0000 2015,0.625
Tue Sep 08 05:25:13 +0000 2015,0.166666666667
Tue Sep 08 05:25:14 +0000 2015,0.375
Tue Sep 08 05:25:14 +0000 2015,-0.5625
Tue Sep 08 05:25:15 +0000 2015,0.25
Tue Sep 08 05:25:16 +0000 2015,-0.375
Tue Sep 08 05:25:20 +0000 2015,-0.0625
Tue Sep 08 05:25:21 +0000 2015,0
Tue Sep 08 05:25:21 +0000 2015,0
Tue Sep 08 05:25:22 +0000 2015,-0.25
Tue Sep 08 05:25:22 +0000 2015,0.5
Tue Sep 08 05:25:22 +0000 2015,0
Tue Sep 08 05:25:22 +0000 2015,-0.375
Tue Sep 08 05:25:22 +0000 2015,0.4375
Tue Sep 08 05:25:24 +0000 2015,0
Tue Sep 08 05:25:28 +0000 2015,-0.375
Tue Sep 08 05:25:29 +0000 2015,0.5
Tue Sep 08 05:25:32 +0000 2015,0.5
Tue Sep 08 05:25:33 +0000 2015,0
Tue Sep 08 05:25:39 +0000 2015,-0.125
Tue Sep 08 05:25:42 +0000 2015,0.5
Tue Sep 08 05:25:46 +0000 2015,0.5
Tue Sep 08 05:25:50 +0000 2015,0.5
Tue Sep 08 05:25:55 +0000 2015,0.5
Tue Sep 08 05:25:57 +0000 2015,0.25
Tue Sep 08 05:25:59 +0000 2015,-0.0625
Tue Sep 08 05:25:59 +0000 2015,0.625
Tue Sep 08 05:26:01 +0000 2015,-0.0625
Tue Sep 08 05:26:01 +0000 2015,0.09375
Tue Sep 08 05:26:03 +0000 2015,0.375
Tue Sep 08 05:26:04 +0000 2015,0.5
Tue Sep 08 05:26:05 +0000 2015,0.5
Tue Sep 08 05:26:08 +0000 2015,0.166666666667
Tue Sep 08 05:26:11 +0000 2015,0.0625
Tue Sep 08 05:26:11 +0000 2015,0.5
Tue Sep 08 05:26:11 +0000 2015,-0.25
Tue Sep 08 05:26:12 +0000 2015,0.4375
Tue Sep 08 05:26:12 +0000 2015,0.4375
Tue Sep 08 05:26:12 +0000 2015,0.4375
Tue Sep 08 05:26:14 +0000 2015,-0.25
Tue Sep 08 05:26:15 +0000 2015,0.5
Tue Sep 08 05:26:16 +0000 2015,-0.375
Tue Sep 08 05:26:17 +0000 2015,-0.5
Tue Sep 08 05:26:19 +0000 2015,0.5
Tue Sep 08 05:26:24 +0000 2015,0.166666666667
Tue Sep 08 05:26:25 +0000 2015,0.375
Tue Sep 08 05:26:27 +0000 2015,-0.125
Tue Sep 08 05:26:30 +0000 2015,0
Tue Sep 08 05:26:30 +0000 2015,-0.0625
Tue Sep 08 05:26:33 +0000 2015,0.25
Tue Sep 08 05:26:36 +0000 2015,0
Tue Sep 08 05:26:36 +0000 2015,0.125
Tue Sep 08 05:26:37 +0000 2015,0.25
Tue Sep 08 05:26:40 +0000 2015,-0.375
Tue Sep 08 05:26:41 +0000 2015,0.5
Tue Sep 08 05:26:44 +0000 2015,-0.375
Tue Sep 08 05:26:47 +0000 2015,0.5
Tue Sep 08 05:26:49 +0000 2015,0.5
Tue Sep 08 05:26:50 +0000 2015,0
Tue Sep 08 05:26:54 +0000 2015,0
Tue Sep 08 05:26:56 +0000 2015,0.375
Tue Sep 08 05:26:57 +0000 2015,0.75
Tue Sep 08 05:26:59 +0000 2015,0.5
Tue Sep 08 05:26:59 +0000 2015,0.25
Tue Sep 08 05:27:00 +0000 2015,0.5
Tue Sep 08 05:27:01 +0000 2015,-0.0625
Tue Sep 08 05:27:03 +0000 2015,-0.2
Tue Sep 08 05:27:03 +0000 2015,0.5
Tue Sep 08 05:27:04 +0000 2015,-0.125
Tue Sep 08 05:27:05 +0000 2015,-0.5
Tue Sep 08 05:27:05 +0000 2015,-0.375
Tue Sep 08 05:27:06 +0000 2015,-0.34375
Tue Sep 08 05:27:08 +0000 2015,-0.125
Tue Sep 08 05:27:08 +0000 2015,-0.125
Tue Sep 08 05:27:09 +0000 2015,0
Tue Sep 08 05:27:10 +0000 2015,0.25
Tue Sep 08 05:27:11 +0000 2015,-0.375
Tue Sep 08 05:27:12 +0000 2015,-0.0625
Tue Sep 08 05:27:15 +0000 2015,-0.375
Tue Sep 08 05:27:15 +0000 2015,0
Tue Sep 08 05:27:23 +0000 2015,-0.375
Tue Sep 08 05:27:27 +0000 2015,0.5
Tue Sep 08 05:27:30 +0000 2015,-0.125
Tue Sep 08 05:27:31 +0000 2015,-0.3125
Tue Sep 08 05:27:32 +0000 2015,-0.0625
Tue Sep 08 05:27:35 +0000 2015,-0.125
Tue Sep 08 05:27:44 +0000 2015,-0.0625
Tue Sep 08 05:27:46 +0000 2015,0.5
Tue Sep 08 05:27:49 +0000 2015,0.0625
Tue Sep 08 05:27:51 +0000 2015,-0.375
Tue Sep 08 05:27:54 +0000 2015,-0.625
Tue Sep 08 05:27:54 +0000 2015,0
Tue Sep 08 05:27:55 +0000 2015,0.291666666667
Tue Sep 08 05:27:56 +0000 2015,-0.375
Tue Sep 08 05:27:57 +0000 2015,0.291666666667
Tue Sep 08 05:27:57 +0000 2015,-0.0625
Tue Sep 08 05:28:04 +0000 2015,-0.0625
Tue Sep 08 05:28:04 +0000 2015,-0.375
Tue Sep 08 05:28:04 +0000 2015,0
Tue Sep 08 05:28:04 +0000 2015,0
Tue Sep 08 05:28:06 +0000 2015,-0.375
Tue Sep 08 05:28:10 +0000 2015,0
Tue Sep 08 05:28:11 +0000 2015,0.0625
Tue Sep 08 05:28:12 +0000 2015,-0.25
Tue Sep 08 05:28:14 +0000 2015,-0.375
Tue Sep 08 05:28:15 +0000 2015,0.5
Tue Sep 08 05:28:18 +0000 2015,0.5
Tue Sep 08 05:28:20 +0000 2015,0
Tue Sep 08 05:28:21 +0000 2015,-0.5
Tue Sep 08 05:28:26 +0000 2015,0.375
Tue Sep 08 05:28:26 +0000 2015,0.291666666667
Tue Sep 08 05:28:34 +0000 2015,-0.0625
Tue Sep 08 05:28:36 +0000 2015,-0.3125
Tue Sep 08 05:28:36 +0000 2015,0.5
Tue Sep 08 05:28:37 +0000 2015,0.5
Tue Sep 08 05:28:37 +0000 2015,0.5
Tue Sep 08 05:28:41 +0000 2015,0.5
Tue Sep 08 05:28:42 +0000 2015,0.375
Tue Sep 08 05:28:45 +0000 2015,0
Tue Sep 08 05:28:46 +0000 2015,0.4375
Tue Sep 08 05:28:46 +0000 2015,-0.09375
Tue Sep 08 05:28:47 +0000 2015,-0.0625
Tue Sep 08 05:28:47 +0000 2015,-0.375
Tue Sep 08 05:28:47 +0000 2015,0.291666666667
Tue Sep 08 05:28:48 +0000 2015,0.0
Tue Sep 08 05:28:48 +0000 2015,0
Tue Sep 08 05:28:51 +0000 2015,0
Tue Sep 08 05:28:54 +0000 2015,-0.0625
Tue Sep 08 05:29:01 +0000 2015,0.0
Tue Sep 08 05:29:03 +0000 2015,-0.0625
Tue Sep 08 05:29:06 +0000 2015,0
Tue Sep 08 05:29:06 +0000 2015,-0.75
Tue Sep 08 05:29:10 +0000 2015,-0.0625
Tue Sep 08 05:29:17 +0000 2015,-0.0625
Tue Sep 08 05:29:19 +0000 2015,0
Tue Sep 08 05:29:22 +0000 2015,0.5
Tue Sep 08 05:29:24 +0000 2015,-0.25
Tue Sep 08 05:29:23 +0000 2015,0.5
Tue Sep 08 05:29:27 +0000 2015,0.5
Tue Sep 08 05:29:28 +0000 2015,0.291666666667
Tue Sep 08 05:29:28 +0000 2015,-0.75
Tue Sep 08 05:29:29 +0000 2015,-0.375
Tue Sep 08 05:29:33 +0000 2015,-0.125
Tue Sep 08 05:29:34 +0000 2015,-0.09375
Tue Sep 08 05:29:37 +0000 2015,-0.5
Tue Sep 08 05:29:37 +0000 2015,-0.375
Tue Sep 08 05:29:41 +0000 2015,-0.375
Tue Sep 08 05:29:41 +0000 2015,0.1875
Tue Sep 08 05:29:51 +0000 2015,0.5
Tue Sep 08 05:29:54 +0000 2015,-0.375
Tue Sep 08 05:29:55 +0000 2015,-0.125
Tue Sep 08 05:29:56 +0000 2015,0.5
Tue Sep 08 05:29:59 +0000 2015,0.291666666667
Tue Sep 08 05:30:00 +0000 2015,0
Tue Sep 08 05:30:01 +0000 2015,0
Tue Sep 08 05:30:01 +0000 2015,0.5
Tue Sep 08 05:30:01 +0000 2015,-0.25
Tue Sep 08 05:30:02 +0000 2015,0.5
Tue Sep 08 05:30:02 +0000 2015,0
Tue Sep 08 05:30:03 +0000 2015,0.375
Tue Sep 08 05:30:03 +0000 2015,-0.25
Tue Sep 08 05:30:03 +0000 2015,0
Tue Sep 08 05:30:03 +0000 2015,0
Tue Sep 08 05:30:03 +0000 2015,-0.0625
Tue Sep 08 05:30:03 +0000 2015,-0.375
Tue Sep 08 05:30:04 +0000 2015,0
Tue Sep 08 05:30:04 +0000 2015,-0.4375
Tue Sep 08 05:30:04 +0000 2015,0
Tue Sep 08 05:30:04 +0000 2015,0
Tue Sep 08 05:30:04 +0000 2015,-0.375
Tue Sep 08 05:30:05 +0000 2015,0.375
Tue Sep 08 05:30:05 +0000 2015,0
Tue Sep 08 05:30:05 +0000 2015,0
Tue Sep 08 05:30:05 +0000 2015,-0.0625
Tue Sep 08 05:30:05 +0000 2015,0.25
Tue Sep 08 05:30:05 +0000 2015,0.375
Tue Sep 08 05:30:07 +0000 2015,-0.25
Tue Sep 08 05:30:07 +0000 2015,-0.375
Tue Sep 08 05:30:08 +0000 2015,-0.0625
Tue Sep 08 05:30:09 +0000 2015,0.5
Tue Sep 08 05:30:09 +0000 2015,-0.0625
Tue Sep 08 05:30:11 +0000 2015,0
Tue Sep 08 05:30:12 +0000 2015,0.0625
Tue Sep 08 05:30:12 +0000 2015,0.5
Tue Sep 08 05:30:12 +0000 2015,-0.25
Tue Sep 08 05:30:13 +0000 2015,-0.0625
Tue Sep 08 05:30:13 +0000 2015,-0.125
Tue Sep 08 05:30:13 +0000 2015,-0.25
Tue Sep 08 05:30:14 +0000 2015,-0.0625
Tue Sep 08 05:30:16 +0000 2015,0
Tue Sep 08 05:30:17 +0000 2015,0.25
Tue Sep 08 05:30:17 +0000 2015,0.5
Tue Sep 08 05:30:19 +0000 2015,-0.0625
Tue Sep 08 05:30:20 +0000 2015,0
Tue Sep 08 05:30:21 +0000 2015,-0.125
Tue Sep 08 05:30:22 +0000 2015,-0.5
Tue Sep 08 05:30:22 +0000 2015,0
Tue Sep 08 05:30:23 +0000 2015,-0.0625
Tue Sep 08 05:30:24 +0000 2015,-0.0625
Tue Sep 08 05:30:24 +0000 2015,0.291666666667
Tue Sep 08 05:30:25 +0000 2015,-0.0625
Tue Sep 08 05:30:27 +0000 2015,-0.375
Tue Sep 08 05:30:28 +0000 2015,-0.125
Tue Sep 08 05:30:27 +0000 2015,0.5
Tue Sep 08 05:30:29 +0000 2015,0
Tue Sep 08 05:30:30 +0000 2015,0
Tue Sep 08 05:30:31 +0000 2015,-0.0625
Tue Sep 08 05:30:32 +0000 2015,0
Tue Sep 08 05:30:33 +0000 2015,0.25
Tue Sep 08 05:30:33 +0000 2015,-0.125
Tue Sep 08 05:30:34 +0000 2015,-0.0625
Tue Sep 08 05:30:33 +0000 2015,0.625
Tue Sep 08 05:30:34 +0000 2015,-0.375
Tue Sep 08 05:30:34 +0000 2015,-0.125
Tue Sep 08 05:30:35 +0000 2015,-0.125
Tue Sep 08 05:30:35 +0000 2015,-0.375
Tue Sep 08 05:30:35 +0000 2015,0.5
Tue Sep 08 05:30:35 +0000 2015,0
Tue Sep 08 05:30:35 +0000 2015,0.5
Tue Sep 08 05:30:36 +0000 2015,0.0
Tue Sep 08 05:30:36 +0000 2015,0.5
Tue Sep 08 05:30:38 +0000 2015,-0.125
Tue Sep 08 05:30:39 +0000 2015,-0.375
Tue Sep 08 05:30:39 +0000 2015,0.375
Tue Sep 08 05:30:40 +0000 2015,0.5
Tue Sep 08 05:30:44 +0000 2015,-0.3125
Tue Sep 08 05:30:46 +0000 2015,0.5
Tue Sep 08 05:30:46 +0000 2015,-0.0625
Tue Sep 08 05:30:51 +0000 2015,-0.0625
Tue Sep 08 05:30:51 +0000 2015,-0.125
Tue Sep 08 05:30:52 +0000 2015,-0.125
Tue Sep 08 05:30:52 +0000 2015,0.25
Tue Sep 08 05:30:53 +0000 2015,-0.125
Tue Sep 08 05:30:53 +0000 2015,-0.375
Tue Sep 08 05:30:57 +0000 2015,-0.0625
Tue Sep 08 05:30:59 +0000 2015,0.375
Tue Sep 08 05:31:00 +0000 2015,-0.125
Tue Sep 08 05:31:02 +0000 2015,-0.125
Tue Sep 08 05:31:02 +0000 2015,0.25
Tue Sep 08 05:31:03 +0000 2015,-0.3125
Tue Sep 08 05:31:04 +0000 2015,0
Tue Sep 08 05:31:04 +0000 2015,0.5
Tue Sep 08 05:31:06 +0000 2015,0
Tue Sep 08 05:31:06 +0000 2015,0.0625
Tue Sep 08 05:31:07 +0000 2015,0.291666666667
Tue Sep 08 05:31:07 +0000 2015,-0.375
Tue Sep 08 05:31:09 +0000 2015,-0.125
Tue Sep 08 05:31:09 +0000 2015,0
Tue Sep 08 05:31:10 +0000 2015,-0.125
Tue Sep 08 05:31:10 +0000 2015,0.5
Tue Sep 08 05:31:12 +0000 2015,0.5
Tue Sep 08 05:31:12 +0000 2015,-0.125
Tue Sep 08 05:31:12 +0000 2015,-0.0625
Tue Sep 08 05:31:14 +0000 2015,0.5
Tue Sep 08 05:31:15 +0000 2015,-0.375
Tue Sep 08 05:31:16 +0000 2015,0.5
Tue Sep 08 05:31:16 +0000 2015,-0.0625
Tue Sep 08 05:31:20 +0000 2015,-0.0625
Tue Sep 08 05:31:20 +0000 2015,-0.375
Tue Sep 08 05:31:22 +0000 2015,-0.0625
Tue Sep 08 05:31:24 +0000 2015,0.5
Tue Sep 08 05:31:25 +0000 2015,0.5
Tue Sep 08 05:31:26 +0000 2015,-0.0625
Tue Sep 08 05:31:26 +0000 2015,-0.125
Tue Sep 08 05:31:30 +0000 2015,-0.0625
Tue Sep 08 05:31:31 +0000 2015,-0.125
Tue Sep 08 05:31:34 +0000 2015,0.5
Tue Sep 08 05:31:36 +0000 2015,0
Tue Sep 08 05:31:37 +0000 2015,0.25
Tue Sep 08 05:31:40 +0000 2015,-0.125
Tue Sep 08 05:31:42 +0000 2015,0
Tue Sep 08 05:31:45 +0000 2015,0.5
Tue Sep 08 05:31:45 +0000 2015,0.5
Tue Sep 08 05:31:46 +0000 2015,-0.0833333333333
Tue Sep 08 05:31:46 +0000 2015,-0.125
Tue Sep 08 05:31:46 +0000 2015,-0.375
Tue Sep 08 05:31:46 +0000 2015,0.5
Tue Sep 08 05:31:47 +0000 2015,0
Tue Sep 08 05:31:48 +0000 2015,0.291666666667
Tue Sep 08 05:31:48 +0000 2015,0.5
Tue Sep 08 05:31:48 +0000 2015,-0.125
Tue Sep 08 05:31:48 +0000 2015,0.625
Tue Sep 08 05:31:49 +0000 2015,0.625
Tue Sep 08 05:31:50 +0000 2015,0
Tue Sep 08 05:31:50 +0000 2015,0.5
Tue Sep 08 05:31:51 +0000 2015,0.5
Tue Sep 08 05:31:51 +0000 2015,0
Tue Sep 08 05:31:52 +0000 2015,-0.375
Tue Sep 08 05:31:52 +0000 2015,-0.375
Tue Sep 08 05:31:52 +0000 2015,-0.375
Tue Sep 08 05:31:53 +0000 2015,-0.125
Tue Sep 08 05:31:55 +0000 2015,-0.0625
Tue Sep 08 05:31:57 +0000 2015,0.5
Tue Sep 08 05:31:57 +0000 2015,0.291666666667
Tue Sep 08 05:31:58 +0000 2015,-0.0625
Tue Sep 08 05:31:59 +0000 2015,-0.125
Tue Sep 08 05:31:59 +0000 2015,-0.0625
Tue Sep 08 05:32:01 +0000 2015,-0.125
Tue Sep 08 05:32:02 +0000 2015,-0.0833333333333
Tue Sep 08 05:32:03 +0000 2015,0
Tue Sep 08 05:32:04 +0000 2015,-0.125
Tue Sep 08 05:32:05 +0000 2015,0.25
Tue Sep 08 05:32:07 +0000 2015,-0.0625
Tue Sep 08 05:32:07 +0000 2015,-0.0625
Tue Sep 08 05:32:07 +0000 2015,0
Tue Sep 08 05:32:07 +0000 2015,-0.5
Tue Sep 08 05:32:10 +0000 2015,-0.375
Tue Sep 08 05:32:11 +0000 2015,-0.125
Tue Sep 08 05:32:11 +0000 2015,0.375
Tue Sep 08 05:32:12 +0000 2015,0.0625
Tue Sep 08 05:32:12 +0000 2015,0.291666666667
Tue Sep 08 05:32:12 +0000 2015,-0.25
Tue Sep 08 05:32:13 +0000 2015,-0.0625
Tue Sep 08 05:32:14 +0000 2015,0.5
Tue Sep 08 05:32:15 +0000 2015,0
Tue Sep 08 05:32:16 +0000 2015,-0.125
Tue Sep 08 05:32:16 +0000 2015,0.5
Tue Sep 08 05:32:16 +0000 2015,-0.125
Tue Sep 08 05:32:17 +0000 2015,-0.125
Tue Sep 08 05:32:18 +0000 2015,0.5
Tue Sep 08 05:32:18 +0000 2015,-0.0625
Tue Sep 08 05:32:18 +0000 2015,-0.125
Tue Sep 08 05:32:18 +0000 2015,0.375
Tue Sep 08 05:32:18 +0000 2015,-0.0625
Tue Sep 08 05:32:19 +0000 2015,0.375
Tue Sep 08 05:32:22 +0000 2015,-0.0625
Tue Sep 08 05:32:28 +0000 2015,-0.125
Tue Sep 08 05:32:28 +0000 2015,0
Tue Sep 08 05:32:28 +0000 2015,-0.125
Tue Sep 08 05:32:28 +0000 2015,-0.125
Tue Sep 08 05:32:31 +0000 2015,-0.0625
Tue Sep 08 05:32:33 +0000 2015,0
Tue Sep 08 05:32:34 +0000 2015,0.5
Tue Sep 08 05:32:34 +0000 2015,0.5
Tue Sep 08 05:32:36 +0000 2015,-0.0625
Tue Sep 08 05:32:37 +0000 2015,-0.125
Tue Sep 08 05:32:37 +0000 2015,-0.125
Tue Sep 08 05:32:37 +0000 2015,-0.0625
Tue Sep 08 05:32:38 +0000 2015,-0.0625
Tue Sep 08 05:32:41 +0000 2015,0.5
Tue Sep 08 05:32:41 +0000 2015,0.5
Tue Sep 08 05:32:42 +0000 2015,-0.375
Tue Sep 08 05:32:43 +0000 2015,-0.125
Tue Sep 08 05:32:44 +0000 2015,-0.0625
Tue Sep 08 05:32:45 +0000 2015,0.5
Tue Sep 08 05:32:49 +0000 2015,-0.375
Tue Sep 08 05:32:49 +0000 2015,0.291666666667
Tue Sep 08 05:32:50 +0000 2015,-0.125
Tue Sep 08 05:32:50 +0000 2015,-0.375
Tue Sep 08 05:32:55 +0000 2015,0.5
Tue Sep 08 05:32:56 +0000 2015,-0.0625
Tue Sep 08 05:32:57 +0000 2015,-0.0625
Tue Sep 08 05:32:57 +0000 2015,-0.125
Tue Sep 08 05:32:58 +0000 2015,-0.125
Tue Sep 08 05:32:59 +0000 2015,-0.0625
Tue Sep 08 05:33:00 +0000 2015,-0.0625
Tue Sep 08 05:33:01 +0000 2015,0.5
Tue Sep 08 05:33:04 +0000 2015,-0.0625
Tue Sep 08 05:33:04 +0000 2015,-0.375
Tue Sep 08 05:33:07 +0000 2015,0
Tue Sep 08 05:33:09 +0000 2015,0
Tue Sep 08 05:33:11 +0000 2015,0
Tue Sep 08 05:33:12 +0000 2015,-0.0625
Tue Sep 08 05:33:13 +0000 2015,-0.125
Tue Sep 08 05:33:20 +0000 2015,-0.125
Tue Sep 08 05:33:20 +0000 2015,-0.0625
Tue Sep 08 05:33:20 +0000 2015,-0.0625
Tue Sep 08 05:33:24 +0000 2015,-0.5
Tue Sep 08 05:33:27 +0000 2015,-0.125
Tue Sep 08 05:33:28 +0000 2015,-0.0625
Tue Sep 08 05:33:30 +0000 2015,-0.125
Tue Sep 08 05:33:31 +0000 2015,0
Tue Sep 08 05:33:34 +0000 2015,0
Tue Sep 08 05:33:35 +0000 2015,-0.0625
Tue Sep 08 05:33:36 +0000 2015,0.375
Tue Sep 08 05:33:39 +0000 2015,-0.0625
Tue Sep 08 05:33:41 +0000 2015,-0.375
Tue Sep 08 05:33:42 +0000 2015,0
Tue Sep 08 05:33:43 +0000 2015,-0.375
Tue Sep 08 05:33:44 +0000 2015,0
Tue Sep 08 05:33:45 +0000 2015,-0.125
Tue Sep 08 05:33:45 +0000 2015,0.5
Tue Sep 08 05:33:46 +0000 2015,-0.0625
Tue Sep 08 05:33:46 +0000 2015,-0.375
Tue Sep 08 05:33:46 +0000 2015,0.5
Tue Sep 08 05:33:47 +0000 2015,0.0
Tue Sep 08 05:33:48 +0000 2015,-0.125
Tue Sep 08 05:33:48 +0000 2015,0.5
Tue Sep 08 05:33:48 +0000 2015,0.125
Tue Sep 08 05:33:49 +0000 2015,-0.0625
Tue Sep 08 05:33:51 +0000 2015,0.5
Tue Sep 08 05:33:54 +0000 2015,0.5
Tue Sep 08 05:33:55 +0000 2015,0
Tue Sep 08 05:33:56 +0000 2015,0
Tue Sep 08 05:33:56 +0000 2015,0.5
Tue Sep 08 05:33:56 +0000 2015,0.5
Tue Sep 08 05:33:59 +0000 2015,-0.0625
Tue Sep 08 05:34:01 +0000 2015,-0.0625
Tue Sep 08 05:34:01 +0000 2015,-0.375
Tue Sep 08 05:34:03 +0000 2015,0.75
Tue Sep 08 05:34:04 +0000 2015,0.5
Tue Sep 08 05:34:04 +0000 2015,0.5
Tue Sep 08 05:34:05 +0000 2015,0.291666666667
Tue Sep 08 05:34:06 +0000 2015,0.1875
Tue Sep 08 05:34:07 +0000 2015,-0.0625
Tue Sep 08 05:34:11 +0000 2015,0.0625
Tue Sep 08 05:34:11 +0000 2015,-0.25
Tue Sep 08 05:34:14 +0000 2015,-0.125
Tue Sep 08 05:34:20 +0000 2015,0
Tue Sep 08 05:34:23 +0000 2015,-0.0625
Tue Sep 08 05:34:23 +0000 2015,0.5
Tue Sep 08 05:34:23 +0000 2015,0
Tue Sep 08 05:34:27 +0000 2015,0.5
Tue Sep 08 05:34:27 +0000 2015,0
Tue Sep 08 05:34:27 +0000 2015,0
Tue Sep 08 05:34:28 +0000 2015,-0.0625
Tue Sep 08 05:34:29 +0000 2015,-0.0625
Tue Sep 08 05:34:30 +0000 2015,-0.272
Tue Sep 08 05:34:31 +0000 2015,0
Tue Sep 08 05:34:31 +0000 2015,0.166666666667
Tue Sep 08 05:34:32 +0000 2015,0.25
Tue Sep 08 05:34:32 +0000 2015,0
Tue Sep 08 05:34:33 +0000 2015,0.0625
Tue Sep 08 05:34:33 +0000 2015,0.5
Tue Sep 08 05:34:33 +0000 2015,0
Tue Sep 08 05:34:35 +0000 2015,-0.375
Tue Sep 08 05:34:35 +0000 2015,0.375
Tue Sep 08 05:34:36 +0000 2015,0.375
Tue Sep 08 05:34:39 +0000 2015,-0.375
Tue Sep 08 05:34:41 +0000 2015,0.5
Tue Sep 08 05:34:41 +0000 2015,0
Tue Sep 08 05:34:43 +0000 2015,-0.375
Tue Sep 08 05:34:43 +0000 2015,0.5
Tue Sep 08 05:34:44 +0000 2015,-0.375
Tue Sep 08 05:34:44 +0000 2015,-0.375
Tue Sep 08 05:34:44 +0000 2015,0.291666666667
Tue Sep 08 05:34:45 +0000 2015,0
Tue Sep 08 05:34:47 +0000 2015,0.5
Tue Sep 08 05:34:47 +0000 2015,-0.125
Tue Sep 08 05:34:49 +0000 2015,0.5
Tue Sep 08 05:34:51 +0000 2015,-0.375
Tue Sep 08 05:34:52 +0000 2015,0
Tue Sep 08 05:34:52 +0000 2015,0
Tue Sep 08 05:34:52 +0000 2015,-0.375
Tue Sep 08 05:34:52 +0000 2015,0.5
Tue Sep 08 05:34:55 +0000 2015,-0.25
Tue Sep 08 05:34:56 +0000 2015,-0.625
Tue Sep 08 05:35:00 +0000 2015,0
Tue Sep 08 05:35:00 +0000 2015,0
Tue Sep 08 05:35:00 +0000 2015,-0.625
Tue Sep 08 05:35:01 +0000 2015,-0.375
Tue Sep 08 05:35:02 +0000 2015,-0.125
Tue Sep 08 05:35:03 +0000 2015,0
Tue Sep 08 05:35:04 +0000 2015,0
Tue Sep 08 05:35:04 +0000 2015,-0.625
Tue Sep 08 05:35:04 +0000 2015,-0.25
Tue Sep 08 05:35:05 +0000 2015,-0.0416666666667
Tue Sep 08 05:35:05 +0000 2015,0.5
Tue Sep 08 05:35:05 +0000 2015,0
Tue Sep 08 05:35:06 +0000 2015,-0.125
Tue Sep 08 05:35:08 +0000 2015,0.5
Tue Sep 08 05:35:08 +0000 2015,0
Tue Sep 08 05:35:08 +0000 2015,-0.625
Tue Sep 08 05:35:08 +0000 2015,0.875
Tue Sep 08 05:35:09 +0000 2015,0.5
Tue Sep 08 05:35:09 +0000 2015,0
Tue Sep 08 05:35:10 +0000 2015,0
Tue Sep 08 05:35:11 +0000 2015,0
Tue Sep 08 05:35:12 +0000 2015,-0.625
Tue Sep 08 05:35:12 +0000 2015,-0.375
Tue Sep 08 05:35:13 +0000 2015,-0.0625
Tue Sep 08 05:35:13 +0000 2015,-0.375
Tue Sep 08 05:35:15 +0000 2015,0
Tue Sep 08 05:35:15 +0000 2015,0
Tue Sep 08 05:35:16 +0000 2015,-0.625
Tue Sep 08 05:35:16 +0000 2015,0.375
Tue Sep 08 05:35:20 +0000 2015,-0.625
Tue Sep 08 05:35:24 +0000 2015,-0.625
Tue Sep 08 05:35:25 +0000 2015,-0.0625
Tue Sep 08 05:35:25 +0000 2015,0.5
Tue Sep 08 05:35:28 +0000 2015,-0.625
Tue Sep 08 05:35:32 +0000 2015,-0.625
Tue Sep 08 05:35:35 +0000 2015,0
Tue Sep 08 05:35:36 +0000 2015,0
Tue Sep 08 05:35:38 +0000 2015,0.5
Tue Sep 08 05:35:38 +0000 2015,0.375
Tue Sep 08 05:35:39 +0000 2015,-0.25
Tue Sep 08 05:35:41 +0000 2015,0
Tue Sep 08 05:35:41 +0000 2015,0.291666666667
Tue Sep 08 05:35:41 +0000 2015,-0.0625
Tue Sep 08 05:35:51 +0000 2015,-0.125
Tue Sep 08 05:35:54 +0000 2015,0.5
Tue Sep 08 05:35:54 +0000 2015,0.25
Tue Sep 08 05:35:54 +0000 2015,0
Tue Sep 08 05:35:54 +0000 2015,0
Tue Sep 08 05:35:54 +0000 2015,0
Tue Sep 08 05:35:55 +0000 2015,0
Tue Sep 08 05:35:57 +0000 2015,0
Tue Sep 08 05:35:57 +0000 2015,0
Tue Sep 08 05:35:59 +0000 2015,0.5
Tue Sep 08 05:35:59 +0000 2015,0.5
Tue Sep 08 05:35:59 +0000 2015,0.5
Tue Sep 08 05:36:00 +0000 2015,0
Tue Sep 08 05:36:03 +0000 2015,0
Tue Sep 08 05:36:03 +0000 2015,0.25
Tue Sep 08 05:36:07 +0000 2015,-0.0625
Tue Sep 08 05:36:11 +0000 2015,-0.0625
Tue Sep 08 05:36:12 +0000 2015,0.0625
Tue Sep 08 05:36:12 +0000 2015,0
Tue Sep 08 05:36:13 +0000 2015,-0.375
Tue Sep 08 05:36:12 +0000 2015,-0.25
Tue Sep 08 05:36:18 +0000 2015,-0.0625
Tue Sep 08 05:36:19 +0000 2015,-0.5
Tue Sep 08 05:36:22 +0000 2015,-0.375
Tue Sep 08 05:36:26 +0000 2015,0
Tue Sep 08 05:36:26 +0000 2015,0
Tue Sep 08 05:36:26 +0000 2015,-0.375
Tue Sep 08 05:36:33 +0000 2015,0.875
Tue Sep 08 05:36:33 +0000 2015,0
Tue Sep 08 05:36:37 +0000 2015,0
Tue Sep 08 05:36:41 +0000 2015,0.5
Tue Sep 08 05:36:42 +0000 2015,0.5
Tue Sep 08 05:36:48 +0000 2015,-0.375
Tue Sep 08 05:36:49 +0000 2015,-0.375
Tue Sep 08 05:36:52 +0000 2015,0.5
Tue Sep 08 05:36:57 +0000 2015,-0.625
Tue Sep 08 05:36:58 +0000 2015,0.5
Tue Sep 08 05:36:58 +0000 2015,0.5
Tue Sep 08 05:36:58 +0000 2015,0
Tue Sep 08 05:36:58 +0000 2015,0
Tue Sep 08 05:36:59 +0000 2015,0
Tue Sep 08 05:36:59 +0000 2015,0.5
Tue Sep 08 05:37:02 +0000 2015,-0.0833333333333
Tue Sep 08 05:37:03 +0000 2015,0
Tue Sep 08 05:37:05 +0000 2015,-0.375
Tue Sep 08 05:37:07 +0000 2015,0.5
Tue Sep 08 05:37:10 +0000 2015,-0.125
Tue Sep 08 05:37:13 +0000 2015,-0.375
Tue Sep 08 05:37:15 +0000 2015,-0.25
Tue Sep 08 05:37:18 +0000 2015,0.166666666667
Tue Sep 08 05:37:19 +0000 2015,-0.375
Tue Sep 08 05:37:21 +0000 2015,-0.0625
Tue Sep 08 05:37:21 +0000 2015,0
Tue Sep 08 05:37:24 +0000 2015,0
Tue Sep 08 05:37:24 +0000 2015,-0.0625
Tue Sep 08 05:37:25 +0000 2015,0
Tue Sep 08 05:37:26 +0000 2015,0.25
Tue Sep 08 05:37:30 +0000 2015,0.5
Tue Sep 08 05:37:32 +0000 2015,-0.375
Tue Sep 08 05:37:34 +0000 2015,0.125
Tue Sep 08 05:37:39 +0000 2015,0.5
Tue Sep 08 05:37:44 +0000 2015,0
Tue Sep 08 05:37:46 +0000 2015,0.5
Tue Sep 08 05:37:47 +0000 2015,0.375
Tue Sep 08 05:37:49 +0000 2015,0.5
Tue Sep 08 05:37:55 +0000 2015,0.25
Tue Sep 08 05:37:56 +0000 2015,0.5
Tue Sep 08 05:37:56 +0000 2015,0
Tue Sep 08 05:37:56 +0000 2015,0
Tue Sep 08 05:37:57 +0000 2015,0
Tue Sep 08 05:37:58 +0000 2015,0.5
Tue Sep 08 05:37:59 +0000 2015,-0.375
Tue Sep 08 05:37:59 +0000 2015,0
Tue Sep 08 05:38:00 +0000 2015,-0.375
Tue Sep 08 05:38:01 +0000 2015,0.0625
Tue Sep 08 05:38:04 +0000 2015,0
Tue Sep 08 05:38:10 +0000 2015,0
Tue Sep 08 05:38:11 +0000 2015,0.0625
Tue Sep 08 05:38:12 +0000 2015,0.25
Tue Sep 08 05:38:12 +0000 2015,-0.25
Tue Sep 08 05:38:14 +0000 2015,0.5
Tue Sep 08 05:38:14 +0000 2015,-0.25
Tue Sep 08 05:38:17 +0000 2015,0.125
Tue Sep 08 05:38:17 +0000 2015,0
Tue Sep 08 05:38:21 +0000 2015,-0.0625
Tue Sep 08 05:38:21 +0000 2015,0.5
Tue Sep 08 05:38:23 +0000 2015,0.5
Tue Sep 08 05:38:24 +0000 2015,0
Tue Sep 08 05:38:24 +0000 2015,0
Tue Sep 08 05:38:24 +0000 2015,-0.375
Tue Sep 08 05:38:25 +0000 2015,-0.3125
Tue Sep 08 05:38:26 +0000 2015,0
Tue Sep 08 05:38:29 +0000 2015,0.5
Tue Sep 08 05:38:29 +0000 2015,0
Tue Sep 08 05:38:31 +0000 2015,0.25
Tue Sep 08 05:38:32 +0000 2015,-0.375
Tue Sep 08 05:38:33 +0000 2015,0
Tue Sep 08 05:38:39 +0000 2015,0.5
Tue Sep 08 05:38:45 +0000 2015,0
Tue Sep 08 05:38:45 +0000 2015,0
Tue Sep 08 05:38:46 +0000 2015,0
Tue Sep 08 05:38:47 +0000 2015,0
Tue Sep 08 05:38:48 +0000 2015,0.75
Tue Sep 08 05:38:48 +0000 2015,0.5
Tue Sep 08 05:38:48 +0000 2015,-0.5
Tue Sep 08 05:38:51 +0000 2015,-0.375
Tue Sep 08 05:38:53 +0000 2015,-0.375
Tue Sep 08 05:38:53 +0000 2015,-0.0625
Tue Sep 08 05:38:53 +0000 2015,0
Tue Sep 08 05:38:54 +0000 2015,0.25
Tue Sep 08 05:38:54 +0000 2015,0.4375
Tue Sep 08 05:38:57 +0000 2015,-0.0416666666667
Tue Sep 08 05:39:00 +0000 2015,0.5
Tue Sep 08 05:39:01 +0000 2015,-0.5
Tue Sep 08 05:39:02 +0000 2015,0.375
Tue Sep 08 05:39:03 +0000 2015,-0.25
Tue Sep 08 05:39:04 +0000 2015,0
Tue Sep 08 05:39:04 +0000 2015,-0.5
Tue Sep 08 05:39:06 +0000 2015,0
Tue Sep 08 05:39:07 +0000 2015,0
Tue Sep 08 05:39:07 +0000 2015,0
Tue Sep 08 05:39:08 +0000 2015,0
Tue Sep 08 05:39:08 +0000 2015,0
Tue Sep 08 05:39:09 +0000 2015,0.5
Tue Sep 08 05:39:12 +0000 2015,0.25
Tue Sep 08 05:39:14 +0000 2015,-0.0625
Tue Sep 08 05:39:15 +0000 2015,0.5
Tue Sep 08 05:39:16 +0000 2015,0
Tue Sep 08 05:39:17 +0000 2015,0
Tue Sep 08 05:39:20 +0000 2015,0.5
Tue Sep 08 05:39:20 +0000 2015,0.5
Tue Sep 08 05:39:21 +0000 2015,0
Tue Sep 08 05:39:25 +0000 2015,0.375
Tue Sep 08 05:39:26 +0000 2015,-0.375
Tue Sep 08 05:39:29 +0000 2015,0
Tue Sep 08 05:39:29 +0000 2015,-0.375
Tue Sep 08 05:39:31 +0000 2015,-0.375
Tue Sep 08 05:39:32 +0000 2015,0.5
Tue Sep 08 05:39:33 +0000 2015,0.375
Tue Sep 08 05:39:35 +0000 2015,0
Tue Sep 08 05:39:37 +0000 2015,0
